,Unnamed: 0,TOWN,TOWNNO,TRACT,LON,LAT,MEDV,CMEDV,CRIM,ZN,INDUS,CHAS,NOX,RM,AGE,DIS,RAD,TAX,PTRATIO,B,LSTAT,Clusters
0,178,Arlington,29,3567,-77.09879837142857,38.872312557142855,29.9,29.9,0.06642,0.0,4.05,0,0.51,6.86,74.4,2.9153,5,296,16.6,391.27,6.92,0
1,177,Arlington,29,3566,-77.09729837142856,38.875712557142855,24.6,24.6,0.05425,0.0,4.05,0,0.51,6.315,73.4,3.3175,5,296,16.6,395.6,6.29,0
2,176,Arlington,29,3565,-77.09509837142856,38.87821255714286,23.2,23.2,0.07022,0.0,4.05,0,0.51,6.02,47.2,3.5549,5,296,16.6,393.23,10.11,0
3,175,Arlington,29,3564,-77.10579837142856,38.88821255714286,29.4,29.4,0.06663999999999999,0.0,4.05,0,0.51,6.546,33.1,3.1323,5,296,16.6,390.96,5.33,0
4,174,Arlington,29,3563,-77.12429837142857,38.88571255714286,22.6,22.6,0.08447,0.0,4.05,0,0.51,5.859,68.7,2.7019,5,296,16.6,393.23,9.64,0
5,173,Arlington,29,3562,-77.11779837142856,38.881912557142854,23.6,23.6,0.09178,0.0,4.05,0,0.51,6.416,84.1,2.6463,5,296,16.6,395.5,9.04,2
6,172,Arlington,29,3561,-77.10829837142856,38.87771255714286,23.1,23.1,0.13914,0.0,4.05,0,0.51,5.572,88.5,2.5961,5,296,16.6,396.9,14.69,2
7,254,Ashland,43,3851,-122.7197267,42.1992258,21.9,21.9,0.04819,80.0,3.64,0,0.392,6.108,32.0,9.2203,1,315,16.4,392.89,6.57,0
8,255,Ashland,43,3852,-122.6992267,42.18992580000001,20.9,20.9,0.035480000000000005,80.0,3.64,0,0.392,5.876,19.1,9.2203,1,315,16.4,395.18,9.25,0
9,193,Bedford,32,3591,-71.27060889999998,42.4891231,31.1,31.1,0.02187,60.0,2.93,0,0.401,6.8,9.9,6.2196,1,265,15.6,393.37,5.03,0
10,194,Bedford,32,3593,-71.28140889999997,42.4921231,29.1,29.1,0.01439,60.0,2.93,0,0.401,6.604,18.8,6.2196,1,265,15.6,376.7,4.38,0
11,185,Belmont,30,3577,-122.2702883,37.5270895,29.6,29.6,0.06047,0.0,2.46,0,0.488,6.153,68.8,3.2797,3,193,17.8,387.11,13.15,0
12,184,Belmont,30,3576,-122.26978829999999,37.5207895,26.4,26.4,0.08308,0.0,2.46,0,0.488,5.604,89.8,2.9879,3,193,17.8,391.0,13.98,2
13,186,Belmont,30,3578,-122.2668883,37.5144895,50.0,50.0,0.05602000000000001,0.0,2.46,0,0.488,7.831,53.6,3.1992,3,193,17.8,392.63,4.45,0
14,179,Belmont,30,3571,-122.2707883,37.51498950000001,37.2,37.2,0.0578,0.0,2.46,0,0.488,6.98,58.4,2.8289999999999997,3,193,17.8,396.9,5.04,0
15,183,Belmont,30,3575,-122.2767883,37.5162895,32.5,32.5,0.10008,0.0,2.46,0,0.488,6.563,95.6,2.847,3,193,17.8,396.9,5.68,0
16,182,Belmont,30,3574,-122.2822883,37.5162895,37.9,37.9,0.09103,0.0,2.46,0,0.488,7.155,92.2,2.7006,3,193,17.8,394.12,4.82,0
17,181,Belmont,30,3573,-122.28778829999999,37.5212895,36.2,36.2,0.06888,0.0,2.46,0,0.488,6.144,62.2,2.5979,3,193,17.8,396.9,9.45,0
18,180,Belmont,30,3572,-122.28178829999999,37.5304895,39.8,39.8,0.06588,0.0,2.46,0,0.488,7.765,83.3,2.741,3,193,17.8,395.56,7.56,0
19,60,Beverly,13,2173,-70.89063233333334,42.56884496666667,18.7,18.7,0.14932,25.0,5.13,0,0.45299999999999996,5.7410000000000005,66.2,7.2254,8,284,19.7,395.11,13.15,2
20,61,Beverly,13,2174,-70.89213233333334,42.55484496666667,16.0,16.0,0.17171,25.0,5.13,0,0.45299999999999996,5.966,93.4,6.8185,8,284,19.7,378.08,14.44,2
21,62,Beverly,13,2175,-70.88213233333335,42.55984496666667,22.2,22.2,0.11027,25.0,5.13,0,0.45299999999999996,6.456,67.8,7.2255,8,284,19.7,396.9,6.73,0
22,63,Beverly,13,2176,-70.88213233333335,42.55034496666667,25.0,25.0,0.1265,25.0,5.13,0,0.45299999999999996,6.7620000000000005,43.4,7.9809,8,284,19.7,395.58,9.5,0
23,59,Beverly,13,2172,-70.87363233333333,42.55484496666667,19.6,19.6,0.10328,25.0,5.13,0,0.45299999999999996,5.9270000000000005,47.2,6.932,8,284,19.7,396.9,9.22,0
24,58,Beverly,13,2171,-70.85963233333334,42.56184496666667,23.3,23.3,0.15445,25.0,5.13,0,0.45299999999999996,6.145,29.2,7.8148,8,284,19.7,390.68,6.86,0
25,358,Boston Allston-Brighton,74,3,-71.12718619999998,42.3607913,22.7,22.7,5.20177,0.0,18.1,1,0.77,6.127000000000001,83.4,2.7227,24,666,20.2,395.43,11.48,2
26,359,Boston Allston-Brighton,74,4,-71.13918619999998,42.35559129999999,22.6,22.6,4.26131,0.0,18.1,0,0.77,6.112,81.3,2.5091,24,666,20.2,390.74,12.67,2
27,360,Boston Allston-Brighton,74,5,-71.14488619999999,42.35359129999999,25.0,25.0,4.541919999999999,0.0,18.1,0,0.77,6.398,88.0,2.5182,24,666,20.2,374.56,7.79,2
28,357,Boston Allston-Brighton,74,2,-71.13718619999999,42.35059129999999,21.7,21.7,3.8497,0.0,18.1,1,0.77,6.395,91.0,2.5052,24,666,20.2,391.34,13.27,2
29,356,Boston Allston-Brighton,74,1,-71.13468619999998,42.3468913,17.8,17.8,8.98296,0.0,18.1,1,0.77,6.212000000000001,97.4,2.1222,24,666,20.2,377.73,17.6,1
30,362,Boston Allston-Brighton,74,7,-71.13068619999999,42.35359129999999,20.8,20.8,3.6782199999999996,0.0,18.1,0,0.77,5.362,96.2,2.1036,24,666,20.2,380.79,10.19,2
31,363,Boston Allston-Brighton,74,8,-71.12518619999999,42.3515913,16.8,16.8,4.22239,0.0,18.1,1,0.77,5.803,89.0,1.9047,24,666,20.2,353.04,14.64,1
32,361,Boston Allston-Brighton,74,6,-71.13068619999999,42.35859129999999,19.9,19.9,3.83684,0.0,18.1,0,0.77,6.251,91.1,2.2955,24,666,20.2,350.65,14.19,2
33,365,Boston Back Bay,75,102,-71.0864757,42.35131480000001,27.5,27.5,4.55587,0.0,18.1,0,0.718,3.5610000000000004,87.9,1.6132,24,666,20.2,354.7,7.12,2
34,368,Boston Back Bay,75,107,-71.0869757,42.349014800000006,50.0,50.0,4.898219999999999,0.0,18.1,0,0.631,4.97,100.0,1.3325,24,666,20.2,375.52,3.26,2
35,369,Boston Back Bay,75,108,-71.0814757,42.34671480000001,50.0,50.0,5.669980000000001,0.0,18.1,1,0.631,6.683,96.8,1.3567,24,666,20.2,375.33,3.73,2
36,366,Boston Back Bay,75,104,-71.07827569999998,42.34851480000001,21.9,21.9,3.69695,0.0,18.1,0,0.718,4.963,91.4,1.7523,24,666,20.2,316.03,14.0,2
37,367,Boston Back Bay,75,105,-71.0754757,42.352014800000006,23.1,23.1,13.5222,0.0,18.1,0,0.631,3.863,100.0,1.5106,24,666,20.2,131.42,13.33,2
38,364,Boston Back Bay,75,101,-71.0771757,42.35401480000001,21.9,21.9,3.4742800000000003,0.0,18.1,1,0.718,8.78,82.9,1.9047,24,666,20.2,354.55,5.29,2
39,370,Boston Beacon Hill,76,201,-71.07173889999999,42.35699990000001,50.0,50.0,6.53876,0.0,18.1,1,0.631,7.016,97.5,1.2024,24,666,20.2,392.05,2.96,2
40,372,Boston Beacon Hill,76,203,-71.07123890000001,42.35859990000001,50.0,50.0,8.26725,0.0,18.1,1,0.6679999999999999,5.875,89.6,1.1296,24,666,20.2,347.88,8.88,2
41,371,Boston Beacon Hill,76,202,-71.06923889999999,42.36079990000001,50.0,50.0,9.2323,0.0,18.1,0,0.631,6.216,100.0,1.1691,24,666,20.2,366.15,9.53,2
42,380,Boston Charlestown,78,406,-71.05779643333331,42.37573983333333,10.4,10.4,88.9762,0.0,18.1,0,0.6709999999999999,6.968,91.9,1.4165,24,666,20.2,396.9,17.21,1
43,379,Boston Charlestown,78,405,-71.05509643333333,42.377739833333344,10.2,10.2,17.8667,0.0,18.1,0,0.6709999999999999,6.223,100.0,1.3861,24,666,20.2,393.74,21.78,1
44,375,Boston Charlestown,78,401,-71.05909643333331,42.378239833333346,15.0,15.0,19.6091,0.0,18.1,0,0.6709999999999999,7.313,97.9,1.3163,24,666,20.2,396.9,13.44,1
45,377,Boston Charlestown,78,403,-71.06109643333333,42.37653983333335,13.3,13.3,9.82349,0.0,18.1,0,0.6709999999999999,6.794,98.8,1.358,24,666,20.2,396.9,21.24,1
46,378,Boston Charlestown,78,404,-71.06109643333333,42.379239833333344,13.1,13.1,23.6482,0.0,18.1,0,0.6709999999999999,6.38,96.2,1.3861,24,666,20.2,396.9,23.69,1
47,376,Boston Charlestown,78,402,-71.06709643333333,42.38173983333333,13.9,13.9,15.288,0.0,18.1,0,0.6709999999999999,6.649,93.3,1.3449,24,666,20.2,363.02,23.24,1
48,459,Boston Dorchester,84,1004,-71.07444136363634,42.30573959090907,20.0,20.0,6.80117,0.0,18.1,0,0.713,6.081,84.4,2.7175,24,666,20.2,396.9,14.7,2
49,456,Boston Dorchester,84,1001,-71.07424136363636,42.30223959090908,12.7,12.7,4.668830000000001,0.0,18.1,0,0.713,5.976,87.9,2.5806,24,666,20.2,10.48,19.01,1
50,466,Boston Dorchester,84,1011,-71.07024136363636,42.30123959090907,19.0,19.0,3.7749800000000002,0.0,18.1,0,0.655,5.952000000000001,84.7,2.8715,24,666,20.2,22.01,17.15,1
51,457,Boston Dorchester,84,1002,-71.06574136363636,42.30123959090907,13.5,13.5,8.20058,0.0,18.1,0,0.713,5.936,80.3,2.7792,24,666,20.2,3.5,16.94,1
52,458,Boston Dorchester,84,1003,-71.06574136363636,42.30503959090908,14.9,14.9,7.75223,0.0,18.1,0,0.713,6.301,83.7,2.7831,24,666,20.2,272.21,16.23,1
53,460,Boston Dorchester,84,1005,-71.05774136363634,42.30673959090908,16.4,16.4,4.812130000000001,0.0,18.1,0,0.713,6.7010000000000005,90.0,2.5975,24,666,20.2,255.23,16.42,1
54,462,Boston Dorchester,84,1007,-71.05374136363636,42.30173959090907,19.5,19.5,6.65492,0.0,18.1,0,0.713,6.317,83.0,2.7344,24,666,20.2,396.9,13.99,2
55,464,Boston Dorchester,84,1009,-71.05854136363634,42.29973959090907,21.4,21.4,7.83932,0.0,18.1,0,0.655,6.209,65.4,2.9634,24,666,20.2,396.9,13.22,2
56,465,Boston Dorchester,84,1010,-71.06774136363636,42.296239590909074,19.9,19.9,3.1636,0.0,18.1,0,0.655,5.7589999999999995,48.2,3.0665,24,666,20.2,334.4,14.13,2
57,463,Boston Dorchester,84,1008,-71.07774136363636,42.29723959090907,20.2,20.2,5.82115,0.0,18.1,0,0.713,6.513,89.9,2.8016,24,666,20.2,393.82,10.29,2
58,461,Boston Dorchester,84,1006,-71.07774136363636,42.30073959090908,17.7,17.7,3.69311,0.0,18.1,0,0.713,6.376,88.4,2.5671,24,666,20.2,391.43,14.65,1
59,408,Boston Downtown,81,705,-71.05146779999998,42.3684339,17.2,17.2,7.40389,0.0,18.1,0,0.597,5.617000000000001,97.9,1.4547,24,666,20.2,314.64,26.4,1
60,409,Boston Downtown,81,706,-71.05516779999998,42.357633899999996,27.5,27.5,14.4383,0.0,18.1,0,0.597,6.852,100.0,1.4655,24,666,20.2,179.36,19.78,2
61,407,Boston Downtown,81,703,-71.05616779999998,42.3536339,27.9,27.9,11.9511,0.0,18.1,0,0.659,5.608,100.0,1.2852,24,666,20.2,332.09,12.13,2
62,406,Boston Downtown,81,702,-71.05796779999999,42.354633899999996,11.9,11.9,20.7162,0.0,18.1,0,0.659,4.138,100.0,1.1781,24,666,20.2,370.22,23.34,1
63,411,Boston Downtown,81,708,-71.05866779999998,42.356133899999996,17.2,17.2,14.0507,0.0,18.1,0,0.597,6.657,100.0,1.5275,24,666,20.2,35.05,21.22,1
64,412,Boston Downtown,81,709,-71.06116779999998,42.3534339,17.9,17.9,18.811,0.0,18.1,0,0.597,4.628,100.0,1.5539,24,666,20.2,28.79,34.37,1
65,413,Boston Downtown,81,710,-71.05946779999998,42.351633899999996,16.3,16.3,28.6558,0.0,18.1,0,0.597,5.155,100.0,1.5894,24,666,20.2,210.97,20.08,1
66,410,Boston Downtown,81,707,-71.05756779999999,42.350133899999996,15.0,15.0,51.1358,0.0,18.1,0,0.597,5.757000000000001,100.0,1.413,24,666,20.2,2.6,10.11,1
67,386,Boston East Boston,79,506,-71.05915176666666,42.37300536666667,10.5,10.5,24.3938,0.0,18.1,0,0.7,4.652,100.0,1.4672,24,666,20.2,396.9,28.28,1
68,389,Boston East Boston,79,509,-71.04115176666666,42.37270536666667,11.5,11.5,8.15174,0.0,18.1,0,0.7,5.39,98.9,1.7281,24,666,20.2,396.9,20.85,1
69,382,Boston East Boston,79,501,-71.03965176666667,42.371005366666665,11.3,11.3,9.18702,0.0,18.1,0,0.7,5.5360000000000005,100.0,1.5804,24,666,20.2,396.9,23.6,1
70,383,Boston East Boston,79,502,-71.04265176666667,42.36750536666667,12.3,12.3,7.9924800000000005,0.0,18.1,0,0.7,5.52,100.0,1.5331,24,666,20.2,396.9,24.56,1
71,384,Boston East Boston,79,503,-71.04165176666666,42.36530536666667,8.8,8.8,20.0849,0.0,18.1,0,0.7,4.368,91.2,1.4395,24,666,20.2,285.83,30.63,1
72,381,Boston East Boston,79,407,-71.04095176666667,42.36710536666667,10.9,10.9,15.8744,0.0,18.1,0,0.6709999999999999,6.545,99.1,1.5192,24,666,20.2,396.9,21.08,1
73,385,Boston East Boston,79,504,-71.03965176666667,42.36880536666667,7.2,7.2,16.8118,0.0,18.1,0,0.7,5.277,98.1,1.4261,24,666,20.2,396.9,30.81,1
74,388,Boston East Boston,79,508,-71.03765176666666,42.369505366666665,10.2,10.2,14.3337,0.0,18.1,0,0.7,4.88,100.0,1.5895,24,666,20.2,372.92,30.62,1
75,392,Boston East Boston,79,512,-71.03495176666667,42.372105366666666,9.7,9.7,11.5779,0.0,18.1,0,0.7,5.0360000000000005,97.0,1.77,24,666,20.2,396.9,25.68,1
76,391,Boston East Boston,79,511,-71.02905176666667,42.374005366666665,23.2,23.2,5.29305,0.0,18.1,0,0.7,6.051,82.5,2.1678,24,666,20.2,378.38,18.76,2
77,387,Boston East Boston,79,507,-71.02165176666666,42.377005366666666,7.4,7.4,22.5971,0.0,18.1,0,0.7,5.0,89.5,1.5184,24,666,20.2,396.9,31.99,1
78,390,Boston East Boston,79,510,-71.03815176666666,42.36450536666667,15.1,15.1,6.96215,0.0,18.1,0,0.7,5.712999999999999,97.0,1.9265,24,666,20.2,394.43,17.11,1
79,473,Boston Forest Hills,86,1201,-71.12008757142857,42.29015247142857,29.8,29.8,4.64689,0.0,18.1,0,0.614,6.98,67.6,2.5329,24,666,20.2,374.68,11.66,2
80,474,Boston Forest Hills,86,1202,-71.10188757142858,42.28915247142857,13.8,13.8,8.05579,0.0,18.1,0,0.584,5.4270000000000005,95.4,2.4298,24,666,20.2,352.58,18.14,1
81,475,Boston Forest Hills,86,1203,-71.09798757142858,42.29405247142857,13.3,13.3,6.39312,0.0,18.1,0,0.584,6.162000000000001,97.4,2.206,24,666,20.2,302.76,24.1,1
82,477,Boston Forest Hills,86,1205,-71.10338757142857,42.29415247142858,12.0,12.0,15.0234,0.0,18.1,0,0.614,5.303999999999999,97.3,2.1007,24,666,20.2,349.48,24.91,1
83,478,Boston Forest Hills,86,1206,-71.09968757142856,42.29815247142857,14.6,14.6,10.232999999999999,0.0,18.1,0,0.614,6.185,96.7,2.1705,24,666,20.2,379.7,18.03,1
84,479,Boston Forest Hills,86,1207,-71.10268757142858,42.29745247142857,21.4,21.4,14.3337,0.0,18.1,0,0.614,6.229,88.0,1.9512,24,666,20.2,383.32,13.11,2
85,476,Boston Forest Hills,86,1204,-71.11388757142856,42.30065247142857,16.7,16.7,4.87141,0.0,18.1,0,0.614,6.484,93.6,2.3053,24,666,20.2,396.21,18.68,1
86,485,Boston Hyde Park,88,1402,-71.1314809,42.256653899999996,21.2,21.2,3.6736699999999995,0.0,18.1,0,0.583,6.312,51.9,3.9917,24,666,20.2,388.62,10.58,2
87,487,Boston Hyde Park,88,1404,-71.1260809,42.2481539,20.6,20.6,4.8356699999999995,0.0,18.1,0,0.583,5.905,53.2,3.1523,24,666,20.2,388.22,11.45,2
88,486,Boston Hyde Park,88,1403,-71.1225809,42.2576539,19.1,19.1,5.69175,0.0,18.1,0,0.583,6.114,79.8,3.5459,24,666,20.2,392.68,14.98,2
89,484,Boston Hyde Park,88,1401,-71.1160809,42.2636539,20.6,20.6,2.37857,0.0,18.1,0,0.583,5.871,41.9,3.7239999999999998,24,666,20.2,370.73,13.34,2
90,467,Boston Mattapan,85,1101,-71.08324146666666,42.283258366666665,19.1,19.1,4.422280000000001,0.0,18.1,0,0.584,6.002999999999999,94.5,2.5403,24,666,20.2,331.29,21.32,1
91,468,Boston Mattapan,85,1102,-71.08724146666665,42.27325836666667,19.1,19.1,15.5757,0.0,18.1,0,0.58,5.926,71.0,2.9084,24,666,20.2,368.74,18.13,2
92,472,Boston Mattapan,85,1106,-71.08624146666666,42.27775836666667,23.2,23.2,3.56868,0.0,18.1,0,0.58,6.437,75.0,2.8965,24,666,20.2,393.37,14.36,2
93,470,Boston Mattapan,85,1104,-71.09124146666666,42.27325836666667,19.9,19.9,4.34879,0.0,18.1,0,0.58,6.167000000000001,84.0,3.0334,24,666,20.2,396.9,16.29,2
94,469,Boston Mattapan,85,1103,-71.09974146666666,42.27505836666667,20.1,20.1,13.0751,0.0,18.1,0,0.58,5.712999999999999,56.7,2.8237,24,666,20.2,396.9,14.76,2
95,471,Boston Mattapan,85,1105,-71.10054146666666,42.280258366666665,19.6,19.6,4.03841,0.0,18.1,0,0.532,6.229,90.7,3.0993,24,666,20.2,395.33,12.87,2
96,374,Boston North End,77,302,-71.0538839,42.3657024,13.8,13.8,18.4982,0.0,18.1,0,0.6679999999999999,4.138,100.0,1.137,24,666,20.2,396.9,37.97,1
97,373,Boston North End,77,301,-71.0545839,42.3637024,13.8,13.8,11.1081,0.0,18.1,0,0.6679999999999999,4.906000000000001,100.0,1.1742,24,666,20.2,396.9,34.77,1
98,425,Boston Roxbury,82,814,-71.07885901052632,42.31847148421053,8.3,8.3,15.8603,0.0,18.1,0,0.679,5.896,95.4,1.9096,24,666,20.2,7.68,24.39,1
99,419,Boston Roxbury,82,808,-71.08235901052632,42.31527148421053,8.4,8.4,11.8123,0.0,18.1,0,0.718,6.824,76.5,1.794,24,666,20.2,48.45,22.74,1
100,418,Boston Roxbury,82,807,-71.08455901052632,42.31647148421053,8.8,8.8,73.5341,0.0,18.1,0,0.679,5.957000000000001,100.0,1.8026,24,666,20.2,16.45,20.62,1
101,417,Boston Roxbury,82,805,-71.08665901052632,42.32067148421053,10.4,10.4,25.9406,0.0,18.1,0,0.679,5.303999999999999,89.1,1.6475,24,666,20.2,127.36,26.64,1
102,416,Boston Roxbury,82,803,-71.08935901052631,42.31887148421053,7.5,7.5,10.8342,0.0,18.1,0,0.679,6.782,90.8,1.8195,24,666,20.2,21.57,25.79,1
103,415,Boston Roxbury,82,802,-71.09545901052631,42.31987148421053,7.2,7.2,18.0846,0.0,18.1,0,0.679,6.434,100.0,1.8347,24,666,20.2,27.25,29.05,1
104,414,Boston Roxbury,82,801,-71.09865901052632,42.31897148421053,7.0,7.0,45.7461,0.0,18.1,0,0.693,4.519,100.0,1.6582,24,666,20.2,88.27,36.98,1
105,423,Boston Roxbury,82,812,-71.10185901052631,42.32177148421053,13.4,13.4,7.05042,0.0,18.1,0,0.614,6.103,85.1,2.0218,24,666,20.2,2.52,23.29,1
106,426,Boston Roxbury,82,815,-71.10335901052632,42.31697148421053,10.2,10.2,12.2472,0.0,18.1,0,0.584,5.837000000000001,59.7,1.9976,24,666,20.2,24.65,15.69,1
107,422,Boston Roxbury,82,811,-71.09875901052631,42.31477148421053,20.8,20.8,12.0482,0.0,18.1,0,0.614,5.648,87.6,1.9512,24,666,20.2,291.55,14.1,2
108,424,Boston Roxbury,82,813,-71.09585901052631,42.31197148421053,11.7,11.7,8.792119999999999,0.0,18.1,0,0.584,5.565,70.6,2.0635,24,666,20.2,3.65,17.16,1
109,427,Boston Roxbury,82,816,-71.09455901052631,42.31667148421053,10.9,10.9,37.6619,0.0,18.1,0,0.679,6.202000000000001,78.7,1.8629,24,666,20.2,18.82,14.52,1
110,420,Boston Roxbury,82,809,-71.09265901052632,42.31367148421053,16.7,16.7,11.0874,0.0,18.1,0,0.718,6.4110000000000005,100.0,1.8589,24,666,20.2,318.75,15.02,1
111,428,Boston Roxbury,82,817,-71.09105901052631,42.31607148421053,11.0,11.0,7.36711,0.0,18.1,0,0.679,6.193,78.1,1.9356,24,666,20.2,96.73,21.52,1
112,429,Boston Roxbury,82,818,-71.08895901052631,42.313971484210526,9.5,9.5,9.33889,0.0,18.1,0,0.679,6.38,95.6,1.9682,24,666,20.2,60.72,24.08,1
113,430,Boston Roxbury,82,819,-71.08535901052632,42.31197148421053,14.5,14.5,8.49213,0.0,18.1,0,0.584,6.348,86.1,2.0527,24,666,20.2,83.45,17.64,1
114,431,Boston Roxbury,82,820,-71.09155901052631,42.30897148421053,14.1,14.1,10.0623,0.0,18.1,0,0.584,6.832999999999999,94.3,2.0882,24,666,20.2,81.33,19.69,1
115,432,Boston Roxbury,82,821,-71.08735901052631,42.307971484210526,16.1,16.1,6.44405,0.0,18.1,0,0.584,6.425,74.8,2.2004,24,666,20.2,97.95,12.03,2
116,421,Boston Roxbury,82,810,-71.08885901052632,42.30537148421053,14.2,14.2,7.022589999999999,0.0,18.1,0,0.718,6.006,95.3,1.8746,24,666,20.2,319.98,15.7,1
117,444,Boston Savin Hill,83,913,-71.05805720000002,42.30586300000001,10.8,10.8,12.8023,0.0,18.1,0,0.74,5.854,96.6,1.8956,24,666,20.2,240.52,23.79,1
118,443,Boston Savin Hill,83,912,-71.05605720000001,42.30856300000001,15.4,15.4,9.96654,0.0,18.1,0,0.74,6.485,100.0,1.9784,24,666,20.2,386.73,18.85,1
119,445,Boston Savin Hill,83,914,-71.05455720000002,42.31106300000001,11.8,11.8,10.6718,0.0,18.1,0,0.74,6.459,94.8,1.9879,24,666,20.2,43.06,23.98,1
120,442,Boston Savin Hill,83,911,-71.05405720000002,42.31366300000001,18.4,14.8,5.66637,0.0,18.1,0,0.74,6.218999999999999,100.0,2.0048,24,666,20.2,395.69,16.59,1
121,446,Boston Savin Hill,83,915,-71.05305720000001,42.31606300000001,14.9,14.9,6.288069999999999,0.0,18.1,0,0.74,6.341,96.4,2.072,24,666,20.2,318.01,17.79,1
122,451,Boston Savin Hill,83,920,-71.05305720000001,42.31816300000001,15.2,15.2,5.44114,0.0,18.1,0,0.713,6.655,98.2,2.3552,24,666,20.2,355.29,17.73,1
123,452,Boston Savin Hill,83,921,-71.04555720000002,42.31836300000001,16.1,16.1,5.09017,0.0,18.1,0,0.713,6.297000000000001,91.8,2.3682,24,666,20.2,385.09,17.27,1
124,453,Boston Savin Hill,83,922,-71.04065720000001,42.31686300000001,17.8,17.8,8.24809,0.0,18.1,0,0.713,7.393,99.3,2.4527,24,666,20.2,375.87,16.74,1
125,454,Boston Savin Hill,83,923,-71.0430572,42.30936300000001,14.9,14.4,9.513630000000001,0.0,18.1,0,0.713,6.728,94.1,2.4961,24,666,20.2,6.68,18.71,1
126,450,Boston Savin Hill,83,919,-71.04255720000002,42.31336300000001,13.4,13.4,6.71772,0.0,18.1,0,0.713,6.749,92.6,2.3236,24,666,20.2,0.32,17.44,1
127,447,Boston Savin Hill,83,916,-71.04635720000002,42.31356300000001,12.6,12.6,9.92485,0.0,18.1,0,0.74,6.251,96.6,2.198,24,666,20.2,388.52,16.44,1
128,441,Boston Savin Hill,83,910,-71.04905720000002,42.31636300000001,17.1,17.1,9.72418,0.0,18.1,0,0.74,6.406000000000001,97.2,2.0651,24,666,20.2,385.96,19.52,1
129,455,Boston Savin Hill,83,924,-71.05105720000002,42.31336300000001,14.1,14.1,4.75237,0.0,18.1,0,0.713,6.525,86.5,2.4358,24,666,20.2,50.92,18.13,1
130,440,Boston Savin Hill,83,908,-71.04755720000001,42.31116300000001,10.5,10.5,22.0511,0.0,18.1,0,0.74,5.818,92.4,1.8662,24,666,20.2,391.45,22.11,1
131,439,Boston Savin Hill,83,907,-71.04555720000002,42.30836300000001,12.8,12.8,9.39063,0.0,18.1,0,0.74,5.627000000000001,93.9,1.8172,24,666,20.2,396.9,22.88,1
132,433,Boston Savin Hill,83,901,-71.04855720000002,42.30636300000001,14.3,14.3,5.5810699999999995,0.0,18.1,0,0.713,6.436,87.9,2.3158,24,666,20.2,100.19,16.22,1
133,436,Boston Savin Hill,83,904,-71.05135720000001,42.30886300000001,9.6,9.6,14.4208,0.0,18.1,0,0.74,6.461,93.3,2.0026,24,666,20.2,27.49,18.05,1
134,438,Boston Savin Hill,83,906,-71.05455720000002,42.30536300000001,8.4,8.4,13.6781,0.0,18.1,0,0.74,5.935,87.9,1.8206,24,666,20.2,68.95,34.02,1
135,434,Boston Savin Hill,83,902,-71.04955720000002,42.30386300000001,11.7,11.7,13.9134,0.0,18.1,0,0.713,6.207999999999999,95.0,2.2222,24,666,20.2,100.63,15.17,1
136,437,Boston Savin Hill,83,905,-71.04255720000002,42.30336300000001,8.7,8.2,15.1772,0.0,18.1,0,0.74,6.152,100.0,1.9142,24,666,20.2,9.32,26.45,1
137,448,Boston Savin Hill,83,917,-71.04855720000002,42.30136300000001,14.1,14.1,9.329089999999999,0.0,18.1,0,0.713,6.185,98.7,2.2616,24,666,20.2,396.9,18.13,1
138,449,Boston Savin Hill,83,918,-71.05405720000002,42.30116300000001,13.0,13.0,7.52601,0.0,18.1,0,0.713,6.417000000000001,98.3,2.185,24,666,20.2,304.21,19.31,1
139,435,Boston Savin Hill,83,903,-71.05955720000001,42.30236300000001,13.4,13.4,11.1604,0.0,18.1,0,0.74,6.629,94.6,2.1247,24,666,20.2,109.85,23.27,1
140,399,Boston South Boston,80,607,-71.03673883846155,42.33768216153846,6.3,6.3,9.91655,0.0,18.1,0,0.693,5.852,77.8,1.5004,24,666,20.2,338.16,29.97,1
141,403,Boston South Boston,80,612,-71.04003883846154,42.33598216153846,8.3,8.3,24.8017,0.0,18.1,0,0.693,5.349,96.0,1.7028,24,666,20.2,396.9,19.77,1
142,402,Boston South Boston,80,610,-71.04203883846154,42.336282161538456,12.1,12.1,9.59571,0.0,18.1,0,0.693,6.404,100.0,1.639,24,666,20.2,376.11,20.31,1
143,401,Boston South Boston,80,609,-71.04603883846154,42.33598216153846,7.2,7.2,14.2362,0.0,18.1,0,0.693,6.343,100.0,1.5741,24,666,20.2,396.9,20.32,1
144,400,Boston South Boston,80,608,-71.04503883846154,42.339082161538464,5.6,5.6,25.0461,0.0,18.1,0,0.693,5.987,100.0,1.5888,24,666,20.2,396.9,26.77,1
145,398,Boston South Boston,80,606,-71.04303883846154,42.34568216153846,5.0,5.0,38.3518,0.0,18.1,0,0.693,5.452999999999999,100.0,1.4896,24,666,20.2,396.9,30.59,1
146,395,Boston South Boston,80,603,-71.05303883846155,42.33988216153846,13.1,13.1,8.71675,0.0,18.1,0,0.693,6.471,98.8,1.7257,24,666,20.2,391.98,17.12,1
147,396,Boston South Boston,80,604,-71.05263883846155,42.337782161538456,12.5,12.5,5.87205,0.0,18.1,0,0.693,6.405,96.0,1.6768,24,666,20.2,396.9,19.37,1
148,394,Boston South Boston,80,602,-71.05003883846155,42.33818216153846,12.7,12.7,13.3598,0.0,18.1,0,0.693,5.8870000000000005,94.7,1.7821,24,666,20.2,396.9,16.35,1
149,393,Boston South Boston,80,601,-71.05003883846155,42.335482161538465,13.8,13.8,8.64476,0.0,18.1,0,0.693,6.193,92.6,1.7912,24,666,20.2,396.9,15.17,1
150,404,Boston South Boston,80,613,-71.05323883846154,42.33468216153846,8.5,8.5,41.5292,0.0,18.1,0,0.693,5.531000000000001,85.4,1.6074,24,666,20.2,329.46,27.38,1
151,405,Boston South Boston,80,614,-71.05453883846154,42.336782161538466,5.0,5.0,67.9208,0.0,18.1,0,0.693,5.683,100.0,1.4254,24,666,20.2,384.97,22.98,1
152,397,Boston South Boston,80,605,-71.05203883846154,42.34238216153846,8.5,8.5,7.67202,0.0,18.1,0,0.693,5.747000000000001,98.9,1.6334,24,666,20.2,393.1,19.92,1
153,482,Boston West Roxbury,87,1303,-71.16765059999999,42.2851804,25.0,25.0,5.73116,0.0,18.1,0,0.532,7.061,77.0,3.4106,24,666,20.2,395.28,7.01,2
154,481,Boston West Roxbury,87,1302,-71.1618506,42.284180400000004,23.7,23.7,5.7081800000000005,0.0,18.1,0,0.532,6.75,74.9,3.3317,24,666,20.2,393.07,7.74,2
155,480,Boston West Roxbury,87,1301,-71.1568506,42.2776804,23.0,23.0,5.8240099999999995,0.0,18.1,0,0.532,6.242000000000001,64.7,3.4242,24,666,20.2,396.9,10.74,2
156,483,Boston West Roxbury,87,1304,-71.16435059999998,42.271980400000004,21.8,21.8,2.81838,0.0,18.1,0,0.532,5.7620000000000005,40.3,4.0983,24,666,20.2,392.92,10.42,2
157,326,Braintree,60,4197,-71.01520129999999,42.210739200000006,23.0,23.0,0.30346999999999996,0.0,7.38,0,0.493,6.312,28.9,5.4159,5,287,19.6,396.9,6.15,0
158,327,Braintree,60,4198,-71.00420129999998,42.21573920000001,22.2,22.2,0.24103000000000002,0.0,7.38,0,0.493,6.082999999999999,43.7,5.4159,5,287,19.6,396.9,12.79,0
159,321,Braintree,60,4192,-70.99670129999998,42.21843920000001,23.1,23.1,0.18159,0.0,7.38,0,0.493,6.376,54.3,4.5404,5,287,19.6,396.9,6.87,0
160,320,Braintree,60,4191,-70.99010129999998,42.21923920000001,23.8,23.8,0.1676,0.0,7.38,0,0.493,6.426,52.3,4.5404,5,287,19.6,396.9,7.2,0
161,323,Braintree,60,4194,-70.9962013,42.20823920000001,18.5,18.5,0.28392,0.0,7.38,0,0.493,5.707999999999999,74.3,4.7211,5,287,19.6,391.13,11.74,2
162,324,Braintree,60,4195,-71.00670129999997,42.18833920000001,25.0,25.0,0.34109,0.0,7.38,0,0.493,6.415,40.1,4.7211,5,287,19.6,396.9,6.12,0
163,322,Braintree,60,4193,-71.00620129999999,42.19923920000001,20.4,20.4,0.35114,0.0,7.38,0,0.493,6.041,49.9,4.7211,5,287,19.6,396.9,7.7,0
164,325,Braintree,60,4196,-71.0167013,42.20323920000001,24.6,24.6,0.19186,0.0,7.38,0,0.493,6.431,14.7,5.4159,5,287,19.6,393.68,5.08,0
165,259,Brookline,45,4003,-71.11193016666667,42.33689753333332,30.1,30.1,0.65665,20.0,3.97,0,0.647,6.8420000000000005,100.0,2.0107,5,264,13.0,391.93,6.9,2
166,268,Brookline,45,4012,-71.11673016666666,42.33729753333333,43.5,43.5,0.5405,20.0,3.97,0,0.575,7.47,52.6,2.872,5,264,13.0,390.3,3.16,0
167,267,Brookline,45,4011,-71.12053016666665,42.33709753333333,50.0,50.0,0.57834,20.0,3.97,0,0.575,8.297,67.0,2.4216,5,264,13.0,384.54,7.44,0
168,266,Brookline,45,4010,-71.12403016666666,42.33359753333333,30.7,30.7,0.7857,20.0,3.97,0,0.647,7.013999999999999,84.6,2.1329,5,264,13.0,384.07,14.79,2
169,264,Brookline,45,4008,-71.12303016666667,42.33159753333332,36.5,36.5,0.55007,20.0,3.97,0,0.647,7.206,91.6,1.9301,5,264,13.0,387.89,8.1,2
170,263,Brookline,45,4007,-71.12753016666666,42.32959753333333,31.0,31.0,0.82526,20.0,3.97,0,0.647,7.327000000000001,94.5,2.0788,5,264,13.0,393.42,11.25,2
171,262,Brookline,45,4006,-71.11903016666666,42.32759753333333,48.8,48.8,0.5201399999999999,20.0,3.97,0,0.647,8.398,91.5,2.2885,5,264,13.0,386.86,5.91,0
172,261,Brookline,45,4005,-71.11503016666666,42.33259753333333,43.1,43.1,0.5341199999999999,20.0,3.97,0,0.647,7.52,89.4,2.1398,5,264,13.0,388.37,7.26,0
173,260,Brookline,45,4004,-71.11403016666667,42.32959753333333,33.8,33.8,0.5401100000000001,20.0,3.97,0,0.647,7.202999999999999,81.8,2.1121,5,264,13.0,392.8,9.59,0
174,258,Brookline,45,4002,-71.11653016666666,42.32609753333333,36.0,36.0,0.66351,20.0,3.97,0,0.647,7.332999999999999,100.0,1.8946,5,264,13.0,383.29,7.79,2
175,257,Brookline,45,4001,-71.12903016666667,42.32209753333333,50.0,50.0,0.61154,20.0,3.97,0,0.647,8.704,86.9,1.801,5,264,13.0,389.7,5.12,0
176,265,Brookline,45,4009,-71.13653016666666,42.33709753333333,22.8,22.8,0.76162,20.0,3.97,0,0.647,5.56,62.8,1.9865,5,264,13.0,392.4,10.45,0
177,73,Burlington,17,3324,-73.21219699999997,44.4884325,23.4,23.4,0.19539,0.0,10.81,0,0.413,6.245,6.2,5.2873,4,305,19.2,377.17,7.54,0
178,72,Burlington,17,3323,-73.20069699999998,44.4732325,22.8,22.8,0.09164,0.0,10.81,0,0.413,6.065,7.8,5.2873,4,305,19.2,390.91,5.52,0
179,71,Burlington,17,3322,-73.22119699999998,44.47743249999999,21.7,21.7,0.15875999999999998,0.0,10.81,0,0.413,5.961,17.5,5.2873,4,305,19.2,376.94,9.88,0
180,70,Burlington,17,3321,-73.214197,44.4644325,24.2,24.2,0.08826,0.0,10.81,0,0.413,6.417000000000001,6.6,5.2873,4,305,19.2,383.73,6.72,0
181,142,Cambridge,28,3521,-71.08990683333332,42.37107913333333,13.4,13.4,3.32105,0.0,19.58,1,0.871,5.403,100.0,1.3216,5,403,14.7,396.9,26.82,1
182,164,Cambridge,28,3543,-71.09380683333332,42.37187913333333,22.7,22.7,2.2423599999999997,0.0,19.58,0,0.605,5.854,91.8,2.4219999999999997,5,403,14.7,395.11,11.64,2
183,166,Cambridge,28,3545,-71.09290683333332,42.36937913333333,50.0,50.0,2.01019,0.0,19.58,0,0.605,7.928999999999999,96.2,2.0459,5,403,14.7,369.3,3.7,2
184,165,Cambridge,28,3544,-71.09590683333332,42.36787913333333,25.0,25.0,2.924,0.0,19.58,0,0.605,6.101,93.0,2.2834,5,403,14.7,240.16,9.81,2
185,169,Cambridge,28,3548,-71.10090683333331,42.36987913333333,22.3,22.3,2.4495299999999998,0.0,19.58,0,0.605,6.402,95.2,2.2625,5,403,14.7,330.04,11.32,2
186,167,Cambridge,28,3546,-71.09740683333331,42.37107913333333,23.8,23.8,1.8002799999999999,0.0,19.58,0,0.605,5.877000000000001,79.2,2.4259,5,403,14.7,227.61,12.14,2
187,168,Cambridge,28,3547,-71.0986068333333,42.37287913333333,23.8,23.8,2.3004,0.0,19.58,0,0.605,6.319,96.1,2.1,5,403,14.7,297.09,11.1,2
188,160,Cambridge,28,3539,-71.0999068333333,42.37187913333333,27.0,27.0,1.27346,0.0,19.58,1,0.605,6.25,92.6,1.7984,5,403,14.7,338.92,5.5,2
189,161,Cambridge,28,3540,-71.10390683333331,42.37247913333333,50.0,50.0,1.46336,0.0,19.58,0,0.605,7.489,90.8,1.9709,5,403,14.7,374.43,1.73,2
190,148,Cambridge,28,3527,-71.1041068333333,42.36937913333333,17.8,17.8,2.3309900000000003,0.0,19.58,0,0.871,5.186,93.8,1.5296,5,403,14.7,356.99,28.32,1
191,163,Cambridge,28,3542,-71.10090683333331,42.36587913333333,50.0,50.0,1.51902,0.0,19.58,1,0.605,8.375,93.9,2.162,5,403,14.7,388.45,3.32,2
192,159,Cambridge,28,3538,-71.10640683333331,42.36387913333333,23.3,23.3,1.4250200000000002,0.0,19.58,0,0.871,6.51,100.0,1.7659,5,403,14.7,364.31,7.39,2
193,149,Cambridge,28,3528,-71.10810683333331,42.36507913333333,15.4,15.4,2.7339700000000002,0.0,19.58,0,0.871,5.597,94.9,1.5257,5,403,14.7,351.85,21.45,1
194,171,Cambridge,28,3550,-71.10990683333331,42.36387913333333,19.1,19.1,2.3139,0.0,19.58,0,0.605,5.88,97.3,2.3887,5,403,14.7,348.13,12.03,2
195,143,Cambridge,28,3522,-71.10860683333331,42.36887913333333,15.6,15.6,4.0974,0.0,19.58,0,0.871,5.468,100.0,1.4118,5,403,14.7,396.9,26.42,1
196,158,Cambridge,28,3537,-71.11090683333332,42.37737913333333,24.3,24.3,1.34284,0.0,19.58,0,0.605,6.066,100.0,1.7573,5,403,14.7,353.89,6.43,2
197,145,Cambridge,28,3524,-71.10890683333331,42.37337913333333,13.8,13.8,2.37934,0.0,19.58,0,0.871,6.13,100.0,1.4191,5,403,14.7,172.91,27.8,1
198,162,Cambridge,28,3541,-71.10690683333331,42.37117913333333,50.0,50.0,1.8337700000000001,0.0,19.58,1,0.605,7.8020000000000005,98.2,2.0407,5,403,14.7,389.61,1.92,2
199,170,Cambridge,28,3549,-71.11190683333331,42.37027913333333,17.4,17.4,1.2074200000000002,0.0,19.58,0,0.605,5.875,94.6,2.4259,5,403,14.7,292.29,14.43,1
200,157,Cambridge,28,3536,-71.11540683333331,42.37707913333333,41.3,41.3,1.22358,0.0,19.58,0,0.605,6.943,97.4,1.8773,5,403,14.7,363.43,4.59,2
201,156,Cambridge,28,3535,-71.11890683333331,42.37387913333333,13.1,13.1,2.4466799999999997,0.0,19.58,0,0.871,5.272,94.0,1.7364,5,403,14.7,88.63,16.14,1
202,155,Cambridge,28,3534,-71.1234068333333,42.37387913333333,15.6,15.6,3.5350099999999998,0.0,19.58,1,0.871,6.152,82.6,1.7455,5,403,14.7,88.01,15.02,1
203,154,Cambridge,28,3533,-71.1337068333333,42.37537913333333,17.0,17.0,1.41385,0.0,19.58,1,0.871,6.129,96.0,1.7494,5,403,14.7,321.02,15.12,1
204,144,Cambridge,28,3523,-71.12390683333331,42.37837913333333,11.8,11.8,2.7797400000000003,0.0,19.58,0,0.871,4.9030000000000005,97.8,1.3459,5,403,14.7,396.9,29.29,1
205,152,Cambridge,28,3531,-71.11890683333331,42.37937913333333,15.3,15.3,1.12658,0.0,19.58,1,0.871,5.012,88.0,1.6102,5,403,14.7,343.28,12.12,1
206,151,Cambridge,28,3530,-71.1285068333333,42.38337913333333,19.6,19.6,1.49632,0.0,19.58,0,0.871,5.404,100.0,1.5916,5,403,14.7,341.6,13.28,1
207,150,Cambridge,28,3529,-71.11590683333331,42.38197913333333,21.5,21.5,1.6566,0.0,19.58,0,0.871,6.122000000000001,97.3,1.618,5,403,14.7,372.8,14.1,2
208,147,Cambridge,28,3526,-71.11940683333331,42.38397913333333,14.6,14.6,2.36862,0.0,19.58,0,0.871,4.926,95.7,1.4608,5,403,14.7,391.71,29.53,1
209,146,Cambridge,28,3525,-71.12290683333332,42.38567913333333,15.6,15.6,2.15505,0.0,19.58,0,0.871,5.627999999999999,100.0,1.5166,5,403,14.7,169.27,16.65,1
210,153,Cambridge,28,3532,-71.12110683333331,42.38787913333333,19.4,19.4,2.14918,0.0,19.58,0,0.871,5.709,98.5,1.6232,5,403,14.7,261.95,15.79,1
211,302,Canton,57,4152,-81.38711366666666,40.78828063333332,26.4,26.4,0.09266,34.0,6.09,0,0.433,6.495,18.4,5.4917,7,329,16.1,383.61,8.67,0
212,303,Canton,57,4153,-81.36211366666666,40.79528063333331,33.1,33.1,0.1,34.0,6.09,0,0.433,6.982,17.7,5.4917,7,329,16.1,390.43,4.86,0
213,301,Canton,57,4151,-81.38611366666666,40.813280633333314,22.0,22.0,0.03537,34.0,6.09,0,0.433,6.59,40.4,5.4917,7,329,16.1,395.75,9.5,0
214,489,Chelsea,89,1602,-71.0293484,42.3886438,7.0,7.0,0.18337,0.0,27.74,0,0.609,5.414,98.3,1.7554,4,711,20.1,344.05,23.97,1
215,492,Chelsea,89,1606,-71.0332484,42.3877438,20.1,20.1,0.11132,0.0,27.74,0,0.609,5.983,83.5,2.1099,4,711,20.1,396.9,13.35,1
216,488,Chelsea,89,1601,-71.0349484,42.3910438,15.2,15.2,0.15086,0.0,27.74,0,0.609,5.454,92.7,1.8209,4,711,20.1,395.09,18.06,1
217,490,Chelsea,89,1604,-71.0264484,42.3924438,8.1,8.1,0.20745999999999998,0.0,27.74,0,0.609,5.093,98.0,1.8226,4,711,20.1,318.43,29.68,1
218,491,Chelsea,89,1605,-71.0401484,42.3989438,13.6,13.6,0.10574000000000001,0.0,27.74,0,0.609,5.983,98.8,1.8681,4,711,20.1,390.11,18.07,1
219,341,Cohasset,64,4231,-70.80365440000001,42.24176749999999,32.7,32.7,0.013009999999999999,35.0,1.52,0,0.442,7.2410000000000005,49.3,7.0379,1,284,15.5,394.74,5.49,0
220,196,Concord,34,3611,-71.34161506666669,42.45420523333333,33.3,33.3,0.04011,80.0,1.52,0,0.40399999999999997,7.287000000000001,34.1,7.309,2,329,12.6,396.9,4.08,0
221,197,Concord,34,3612,-71.36161506666667,42.45520523333333,30.3,30.3,0.04666,80.0,1.52,0,0.40399999999999997,7.107,36.6,7.309,2,329,12.6,354.31,8.61,0
222,198,Concord,34,3613,-71.34361506666667,42.47170523333333,34.6,34.6,0.03768,80.0,1.52,0,0.40399999999999997,7.274,38.3,7.309,2,329,12.6,392.2,6.62,0
223,53,Danvers,8,2114,-70.920622,42.56882589999999,23.4,23.4,0.04981,21.0,5.64,0,0.439,5.997999999999999,21.4,6.8147,4,243,16.8,396.9,8.43,0
224,51,Danvers,8,2112,-70.932622,42.5730259,20.5,20.5,0.04337,21.0,5.64,0,0.439,6.115,63.0,6.8147,4,243,16.8,393.97,9.43,2
225,52,Danvers,8,2113,-70.927622,42.5808259,25.0,25.0,0.0536,21.0,5.64,0,0.439,6.511,21.1,6.8147,4,243,16.8,396.9,5.28,0
226,50,Danvers,8,2111,-70.947622,42.5773259,19.7,19.7,0.08872999999999999,21.0,5.64,0,0.439,5.962999999999999,45.7,6.8147,4,243,16.8,395.56,13.45,0
227,269,Dedham,46,4021,-71.16681359999998,42.2524085,20.7,20.7,0.09065,20.0,6.96,1,0.46399999999999997,5.92,61.5,3.9175,3,223,18.6,391.34,13.65,2
228,270,Dedham,46,4022,-71.15581359999999,42.2394085,21.1,21.1,0.29916,20.0,6.96,0,0.46399999999999997,5.856,42.1,4.428999999999999,3,223,18.6,388.65,13.0,0
229,272,Dedham,46,4024,-71.16281359999998,42.233908500000005,24.4,24.4,0.1146,20.0,6.96,0,0.46399999999999997,6.537999999999999,58.7,3.9175,3,223,18.6,394.96,7.73,0
230,273,Dedham,46,4025,-71.16701359999998,42.2429085,35.2,35.2,0.22188000000000002,20.0,6.96,1,0.46399999999999997,7.691,51.8,4.3665,3,223,18.6,390.77,6.58,0
231,271,Dedham,46,4023,-71.18581359999997,42.2494085,25.2,25.2,0.16211,20.0,6.96,0,0.46399999999999997,6.24,16.3,4.428999999999999,3,223,18.6,396.9,6.59,0
232,283,Dover,49,4051,-75.5243682,39.158167999999996,50.0,50.0,0.015009999999999999,90.0,1.21,1,0.401,7.922999999999999,24.8,5.885,1,198,13.6,395.52,3.16,0
233,353,Duxbury,72,5071,-70.6722767,42.0417525,30.1,30.1,0.01709,90.0,2.02,0,0.41,6.728,36.1,12.1265,5,187,17.0,384.46,4.5,0
234,125,Everett,26,3426,-122.19487949999998,47.982013371428565,21.4,21.4,0.16902,0.0,25.65,0,0.581,5.986000000000001,88.4,1.9929,2,188,19.1,385.02,14.81,1
235,120,Everett,26,3421,-122.2017795,47.984213371428574,22.0,22.0,0.06899,0.0,25.65,0,0.581,5.87,69.7,2.2577,2,188,19.1,389.15,14.37,2
236,126,Everett,26,3427,-122.2082795,47.980713371428564,15.7,15.7,0.38735,0.0,25.65,0,0.581,5.6129999999999995,95.6,1.7572,2,188,19.1,359.29,27.26,1
237,121,Everett,26,3422,-122.2075795,47.97721337142857,20.3,20.3,0.07165,0.0,25.65,0,0.581,6.004,84.1,2.1974,2,188,19.1,377.67,14.27,1
238,122,Everett,26,3423,-122.2013795,47.97871337142857,20.5,20.5,0.09299,0.0,25.65,0,0.581,5.961,92.9,2.0869,2,188,19.1,378.09,17.93,1
239,123,Everett,26,3424,-122.1967795,47.97681337142856,17.3,17.3,0.15037999999999999,0.0,25.65,0,0.581,5.856,97.0,1.9444,2,188,19.1,370.31,25.41,1
240,124,Everett,26,3425,-122.2038795,47.973213371428564,18.8,18.8,0.09849,0.0,25.65,0,0.581,5.879,95.8,2.0063,2,188,19.1,379.38,17.58,1
241,245,Framingham,42,3832,-71.40533649999998,42.264416,18.5,18.5,0.19133,22.0,5.86,0,0.431,5.605,70.2,7.9549,7,330,19.1,389.13,18.46,2
242,252,Framingham,42,3839,-71.41933649999999,42.263216,29.6,29.6,0.08221,22.0,5.86,0,0.431,6.957000000000001,6.8,8.9067,7,330,19.1,386.09,3.53,0
243,246,Framingham,42,3833,-71.4238365,42.270416,24.3,24.3,0.33983,22.0,5.86,0,0.431,6.108,34.9,8.0555,7,330,19.1,390.18,9.16,0
244,253,Framingham,42,3840,-71.40883649999998,42.271716,42.8,42.8,0.36894,22.0,5.86,0,0.431,8.259,8.4,8.9067,7,330,19.1,396.9,3.54,0
245,244,Framingham,42,3831,-71.41683649999997,42.278116,17.6,17.6,0.20608,22.0,5.86,0,0.431,5.593,76.5,7.9549,7,330,19.1,372.49,12.5,2
246,249,Framingham,42,3836,-71.4093365,42.283916,26.2,26.2,0.19072999999999998,22.0,5.86,0,0.431,6.718,17.5,7.8265,7,330,19.1,393.74,6.56,0
247,250,Framingham,42,3837,-71.39983649999998,42.292415999999996,24.4,24.4,0.1403,22.0,5.86,0,0.431,6.487,13.0,7.3967,7,330,19.1,396.28,5.9,0
248,251,Framingham,42,3838,-71.40533649999998,42.299616,24.8,24.8,0.21409,22.0,5.86,0,0.431,6.438,8.9,7.3967,7,330,19.1,377.07,3.59,0
249,248,Framingham,42,3835,-71.4303365,42.294916,24.5,24.5,0.16439,22.0,5.86,0,0.431,6.433,49.1,7.8265,7,330,19.1,374.71,9.52,0
250,247,Framingham,42,3834,-71.44253649999997,42.274116,20.5,20.5,0.19657,22.0,5.86,0,0.431,6.226,79.2,8.0555,7,330,19.1,376.14,10.15,2
251,56,Hamilton,11,2151,-75.50437610000002,42.80835099999999,24.7,24.7,0.02055,85.0,0.74,0,0.41,6.382999999999999,35.7,9.1876,2,313,17.3,396.9,5.77,0
252,347,Hanover,68,5031,-72.2895526,43.7022451,23.1,23.1,0.0187,85.0,4.15,0,0.429,6.516,27.7,8.5353,4,351,17.9,392.43,6.36,0
253,343,Hingham,66,5011,-70.89200899999999,42.2540672,23.9,23.9,0.02543,55.0,3.78,0,0.484,6.696000000000001,56.4,5.7321,5,370,17.6,396.9,7.18,0
254,344,Hingham,66,5012,-70.887509,42.229567200000005,31.2,31.2,0.030489999999999996,55.0,3.78,0,0.484,6.874,28.1,6.4654,5,370,17.6,387.97,4.61,0
255,331,Holbrook,62,4211,-110.1659268,34.9007482,17.1,17.1,0.050230000000000004,35.0,6.06,0,0.4379,5.706,28.4,6.6407,1,304,16.9,394.02,12.43,0
256,332,Holbrook,62,4212,-110.15042679999999,34.9037482,19.4,19.4,0.03466,35.0,6.06,0,0.4379,6.031000000000001,23.3,6.6407,1,304,16.9,362.25,7.83,0
257,342,Hull,65,5001,-70.90783459999999,42.3020647,16.5,16.5,0.024980000000000002,0.0,1.89,0,0.518,6.54,59.7,6.2669,1,422,15.9,389.96,8.65,0
258,191,Lexington,31,3586,-84.49039973333333,38.03015036666667,30.5,30.5,0.06911,45.0,3.44,0,0.43700000000000006,6.739,30.8,6.4798,5,398,15.2,389.71,4.69,0
259,190,Lexington,31,3585,-84.50919973333333,38.02865036666667,37.0,33.0,0.09068,45.0,3.44,0,0.43700000000000006,6.9510000000000005,21.5,6.4798,5,398,15.2,377.68,5.1,0
260,192,Lexington,31,3587,-84.51339973333333,38.038750366666655,36.4,36.4,0.08664,45.0,3.44,0,0.43700000000000006,7.178,26.3,6.4798,5,398,15.2,390.49,2.87,0
261,188,Lexington,31,3583,-84.48999973333333,38.04365036666667,29.8,29.8,0.12579,45.0,3.44,0,0.43700000000000006,6.556,29.1,4.5667,5,398,15.2,382.84,4.56,0
262,187,Lexington,31,3581,-84.51689973333333,38.05015036666666,32.0,32.0,0.07875,45.0,3.44,0,0.43700000000000006,6.782,41.1,3.7886,5,398,15.2,393.87,6.68,0
263,189,Lexington,31,3584,-84.50239973333333,38.052150366666666,34.9,34.9,0.0837,45.0,3.44,0,0.43700000000000006,7.185,38.9,4.5667,5,398,15.2,396.9,5.39,0
264,195,Lincoln,33,3602,-96.7025955,40.813615999999996,50.0,50.0,0.01381,80.0,0.46,0,0.42200000000000004,7.875,32.0,5.6484,4,255,14.4,394.23,2.97,0
265,27,Lynn,4,2065,-70.94148470909094,42.476685727272745,14.8,14.8,0.9557700000000001,0.0,8.14,0,0.5379999999999999,6.047000000000001,88.8,4.4534,4,307,21.0,306.38,17.28,1
266,33,Lynn,4,2071,-70.94898470909092,42.471685727272735,13.1,13.1,1.15172,0.0,8.14,0,0.5379999999999999,5.7010000000000005,95.0,3.7872,4,307,21.0,358.77,18.35,1
267,34,Lynn,4,2072,-70.95348470909094,42.478685727272726,13.5,13.5,1.6128200000000001,0.0,8.14,0,0.5379999999999999,6.096,96.9,3.7598,4,307,21.0,248.31,20.34,1
268,29,Lynn,4,2067,-70.96398470909092,42.483185727272726,21.0,21.0,1.00245,0.0,8.14,0,0.5379999999999999,6.6739999999999995,87.3,4.239,4,307,21.0,380.23,11.98,2
269,31,Lynn,4,2069,-70.95498470909092,42.469685727272726,14.5,14.5,1.3547200000000001,0.0,8.14,0,0.5379999999999999,6.072,100.0,4.175,4,307,21.0,376.73,13.04,2
270,30,Lynn,4,2068,-70.96948470909093,42.467185727272735,12.7,12.7,1.13081,0.0,8.14,0,0.5379999999999999,5.712999999999999,94.1,4.2330000000000005,4,307,21.0,360.17,22.6,1
271,25,Lynn,4,2063,-70.96498470909094,42.462285727272736,13.9,13.9,0.84054,0.0,8.14,0,0.5379999999999999,5.599,85.7,4.4546,4,307,21.0,303.42,16.51,1
272,28,Lynn,4,2066,-70.96048470909093,42.461685727272744,18.4,18.4,0.77299,0.0,8.14,0,0.5379999999999999,6.495,94.4,4.4547,4,307,21.0,387.94,12.8,2
273,18,Lynn,4,2056,-70.95898470909094,42.465685727272735,20.2,20.2,0.80271,0.0,8.14,0,0.5379999999999999,5.456,36.6,3.7965,4,307,21.0,288.99,11.69,0
274,13,Lynn,4,2051,-70.95448470909093,42.46368572727275,20.4,20.4,0.62976,0.0,8.14,0,0.5379999999999999,5.949,61.8,4.7075,4,307,21.0,396.9,8.26,2
275,32,Lynn,4,2070,-70.94998470909094,42.46368572727275,13.2,13.2,1.38799,0.0,8.14,0,0.5379999999999999,5.95,82.0,3.99,4,307,21.0,232.6,27.71,1
276,15,Lynn,4,2053,-70.94628470909093,42.466285727272734,19.9,19.9,0.62739,0.0,8.14,0,0.5379999999999999,5.834,56.5,4.4986,4,307,21.0,395.62,8.47,2
277,14,Lynn,4,2052,-70.94098470909094,42.468685727272735,18.2,18.2,0.6379600000000001,0.0,8.14,0,0.5379999999999999,6.096,84.5,4.4619,4,307,21.0,380.02,10.26,2
278,20,Lynn,4,2058,-70.93668470909094,42.471685727272735,13.6,13.6,1.25179,0.0,8.14,0,0.5379999999999999,5.57,98.1,3.7979,4,307,21.0,376.57,21.02,1
279,22,Lynn,4,2060,-70.93668470909094,42.467185727272735,15.2,15.2,1.2324700000000002,0.0,8.14,0,0.5379999999999999,6.142,91.7,3.9769,4,307,21.0,396.9,18.72,1
280,21,Lynn,4,2059,-70.93398470909092,42.464685727272744,19.6,19.6,0.8520399999999999,0.0,8.14,0,0.5379999999999999,5.965,89.2,4.0123,4,307,21.0,392.53,13.83,2
281,23,Lynn,4,2061,-70.92798470909092,42.462685727272735,14.5,14.5,0.9884299999999999,0.0,8.14,0,0.5379999999999999,5.813,100.0,4.0952,4,307,21.0,394.54,19.88,1
282,19,Lynn,4,2057,-70.94398470909094,42.46368572727275,18.2,18.2,0.7258,0.0,8.14,0,0.5379999999999999,5.727,69.5,3.7965,4,307,21.0,390.95,11.28,2
283,24,Lynn,4,2062,-70.94098470909094,42.461185727272735,15.6,15.6,0.75026,0.0,8.14,0,0.5379999999999999,5.9239999999999995,94.1,4.3996,4,307,21.0,394.33,16.3,1
284,17,Lynn,4,2055,-70.94898470909092,42.461185727272735,17.5,17.5,0.7842,0.0,8.14,0,0.5379999999999999,5.99,81.7,4.2579,4,307,21.0,386.75,14.67,2
285,16,Lynn,4,2054,-70.95648470909094,42.46068572727275,23.1,23.1,1.05393,0.0,8.14,0,0.5379999999999999,5.935,29.3,4.4986,4,307,21.0,386.85,6.58,0
286,26,Lynn,4,2064,-70.95448470909093,42.456685727272735,16.6,16.6,0.67191,0.0,8.14,0,0.5379999999999999,5.813,90.3,4.6819999999999995,4,307,21.0,376.88,14.81,2
287,40,Lynnfield,6,2092,-71.03806379999999,42.53319000000001,34.9,34.9,0.033589999999999995,75.0,2.95,0,0.428,7.024,15.8,5.4011,3,252,18.3,395.62,1.98,0
288,39,Lynnfield,6,2091,-71.05506379999999,42.54419,30.8,30.8,0.027630000000000002,75.0,2.95,0,0.428,6.595,21.8,5.4011,3,252,18.3,395.63,4.32,0
289,111,Malden,25,3411,-71.07739633333333,42.428429733333346,22.8,22.8,0.10084,0.0,10.01,0,0.547,6.715,81.6,2.6775,6,432,17.8,395.59,10.16,2
290,119,Malden,25,3419,-71.07889633333333,42.420429733333336,19.3,19.3,0.14476,0.0,10.01,0,0.547,5.731,65.2,2.7592,6,432,17.8,391.5,13.61,2
291,116,Malden,25,3416,-71.07269633333333,42.425429733333345,21.2,21.2,0.13158,0.0,10.01,0,0.547,6.176,72.5,2.7301,6,432,17.8,393.3,12.04,2
292,112,Malden,25,3412,-71.0694963333333,42.41862973333333,18.8,18.8,0.12329000000000001,0.0,10.01,0,0.547,5.912999999999999,92.9,2.3534,6,432,17.8,394.95,16.21,2
293,118,Malden,25,3418,-71.06539633333333,42.421929733333336,20.4,20.4,0.13058,0.0,10.01,0,0.547,5.872000000000001,73.1,2.4775,6,432,17.8,338.63,15.37,2
294,114,Malden,25,3414,-71.06589633333333,42.428229733333346,18.5,18.5,0.14231,0.0,10.01,0,0.547,6.254,84.2,2.2565,6,432,17.8,388.74,10.45,2
295,115,Malden,25,3415,-71.0583963333333,42.429429733333336,18.3,18.3,0.17134000000000002,0.0,10.01,0,0.547,5.928,88.2,2.4631,6,432,17.8,344.91,15.76,2
296,117,Malden,25,3417,-71.0583963333333,42.425429733333345,19.2,19.2,0.15098,0.0,10.01,0,0.547,6.021,82.6,2.7474,6,432,17.8,394.51,10.3,2
297,113,Malden,25,3413,-71.04889633333333,42.427929733333336,18.7,18.7,0.22211999999999998,0.0,10.01,0,0.547,6.0920000000000005,95.4,2.548,6,432,17.8,396.9,17.09,2
298,64,Manchester,14,2181,-71.4547891,42.995639700000005,33.0,33.0,0.01951,17.5,1.38,0,0.4161,7.104,59.5,9.2229,3,216,18.6,393.24,8.05,0
299,3,Marblehead,2,2031,-70.86363573333333,42.49462486666665,33.4,33.4,0.032369999999999996,0.0,2.18,0,0.45799999999999996,6.997999999999999,45.8,6.0622,3,222,18.7,394.63,2.94,0
300,4,Marblehead,2,2032,-70.85763573333331,42.49962486666665,36.2,36.2,0.06905,0.0,2.18,0,0.45799999999999996,7.147,54.2,6.0622,3,222,18.7,396.9,5.33,0
301,5,Marblehead,2,2033,-70.85213573333333,42.50562486666665,28.7,28.7,0.02985,0.0,2.18,0,0.45799999999999996,6.43,58.7,6.0622,3,222,18.7,394.12,5.21,0
302,352,Marshfield,71,5062,-70.71558710000002,42.1009953,18.6,18.6,0.07244,60.0,1.69,0,0.41100000000000003,5.8839999999999995,18.5,10.7103,4,411,18.3,392.33,7.79,0
303,351,Marshfield,71,5061,-70.69558710000003,42.0824953,24.1,24.1,0.0795,60.0,1.69,0,0.41100000000000003,6.579,35.9,10.7103,4,411,18.3,370.78,5.49,0
304,284,Medfield,50,4061,-71.30645969999998,42.187582600000006,32.2,32.2,0.009059999999999999,90.0,2.97,0,0.4,7.087999999999999,20.8,7.3073,1,285,15.3,394.72,7.85,0
305,104,Medford,24,3395,-71.10662753636362,42.42337505454546,20.1,20.1,0.1396,0.0,8.56,0,0.52,6.167000000000001,90.0,2.421,5,384,20.9,392.69,12.33,2
306,103,Medford,24,3394,-71.12082753636362,42.41387505454546,19.3,19.3,0.21161,0.0,8.56,0,0.52,6.1370000000000005,87.4,2.7147,5,384,20.9,394.47,13.44,2
307,110,Medford,24,3401,-71.12102753636363,42.42037505454546,21.7,21.7,0.10793,0.0,8.56,0,0.52,6.195,54.4,2.7778,5,384,20.9,393.49,13.0,2
308,109,Medford,24,3400,-71.11682753636362,42.41787505454546,19.4,19.4,0.26363000000000003,0.0,8.56,0,0.52,6.229,91.2,2.5451,5,384,20.9,391.23,15.55,2
309,108,Medford,24,3399,-71.10882753636362,42.41687505454546,19.8,19.8,0.12802,0.0,8.56,0,0.52,6.474,97.1,2.4329,5,384,20.9,395.24,12.27,2
310,106,Medford,24,3397,-71.10602753636363,42.41137505454546,19.5,19.5,0.1712,0.0,8.56,0,0.52,5.836,91.9,2.211,5,384,20.9,395.67,18.66,2
311,105,Medford,24,3396,-71.10202753636364,42.41197505454546,19.5,19.5,0.13262000000000002,0.0,8.56,0,0.52,5.851,96.7,2.1069,5,384,20.9,394.05,16.47,2
312,102,Medford,24,3393,-71.09512753636362,42.41537505454546,18.6,18.6,0.22876,0.0,8.56,0,0.52,6.405,85.4,2.7147,5,384,20.9,70.8,10.63,2
313,100,Medford,24,3391,-71.09482753636364,42.41937505454546,27.5,27.5,0.14866,0.0,8.56,0,0.52,6.727,79.9,2.7778,5,384,20.9,394.76,9.42,2
314,101,Medford,24,3392,-71.09982753636362,42.42287505454546,26.5,26.5,0.11432,0.0,8.56,0,0.52,6.781000000000001,71.3,2.8561,5,384,20.9,395.58,7.67,2
315,107,Medford,24,3398,-71.09582753636361,42.42937505454546,20.4,20.4,0.13117,0.0,8.56,0,0.52,6.127000000000001,85.2,2.1224,5,384,20.9,387.69,14.09,2
316,91,Melrose,21,3364,-71.07091329999999,42.4626292,22.0,22.0,0.03932,0.0,3.41,0,0.489,6.405,73.9,3.0921,2,270,17.8,393.55,8.2,0
317,90,Melrose,21,3363,-71.0634133,42.4615292,22.6,22.6,0.04684,0.0,3.41,0,0.489,6.417000000000001,66.1,3.0923,2,270,17.8,392.18,8.81,0
318,89,Melrose,21,3362,-71.05891329999999,42.4550292,28.7,28.7,0.053020000000000005,0.0,3.41,0,0.489,7.079,63.1,3.4145,2,270,17.8,396.06,5.7,0
319,88,Melrose,21,3361,-71.07141329999999,42.4545292,23.6,23.6,0.0566,0.0,3.41,0,0.489,7.007000000000001,86.3,3.4217,2,270,17.8,396.9,5.5,0
320,54,Middleton,9,2121,-89.5042876,43.09721740000001,18.9,18.9,0.0136,75.0,4.0,0,0.41,5.888,47.6,7.3197,3,469,21.1,396.9,14.8,0
321,285,Millis,51,4071,-71.351738,42.1669661,22.0,22.0,0.01096,55.0,2.25,0,0.389,6.452999999999999,31.9,7.3073,1,300,15.3,394.72,8.23,0
322,307,Milton,58,4164,-71.06854029999998,42.24128210000001,28.2,28.2,0.049319999999999996,33.0,2.18,0,0.47200000000000003,6.849,70.3,3.1827,7,222,18.4,396.9,7.53,0
323,306,Milton,58,4163,-71.07904029999997,42.24878210000001,33.4,33.4,0.07503,33.0,2.18,0,0.47200000000000003,7.42,71.9,3.0992,7,222,18.4,396.9,6.47,0
324,305,Milton,58,4162,-71.06704029999999,42.2552821,28.4,28.4,0.05479,33.0,2.18,0,0.47200000000000003,6.6160000000000005,58.1,3.37,7,222,18.4,393.36,8.93,0
325,304,Milton,58,4161,-71.05004029999998,42.25278210000001,36.1,36.1,0.05515,33.0,2.18,0,0.47200000000000003,7.236000000000001,41.1,4.022,7,222,18.4,393.68,6.93,0
326,0,Nahant,0,2011,-70.922279,42.4265633,24.0,24.0,0.00632,18.0,2.31,0,0.5379999999999999,6.575,65.2,4.09,1,296,15.3,396.9,4.98,0
327,242,Natick,41,3825,-71.34040909999999,42.289411433333335,22.2,22.2,0.1029,30.0,4.93,0,0.428,6.358,52.9,7.0355,6,300,16.6,372.75,11.22,0
328,243,Natick,41,3826,-71.33840909999999,42.28891143333333,23.7,23.7,0.12757000000000002,30.0,4.93,0,0.428,6.393,7.8,7.0355,6,300,16.6,374.71,5.19,0
329,241,Natick,41,3824,-71.33150909999999,42.265911433333336,20.1,20.1,0.10612,30.0,4.93,0,0.428,6.095,65.1,6.3361,6,300,16.6,394.62,12.4,2
330,239,Natick,41,3822,-71.34870910000002,42.26641143333333,23.3,23.3,0.09252,30.0,4.93,0,0.428,6.606,42.2,6.1899,6,300,16.6,383.78,7.37,0
331,238,Natick,41,3821,-71.35490909999999,42.28011143333333,23.7,23.7,0.08244,30.0,4.93,0,0.428,6.481,18.5,6.1899,6,300,16.6,379.41,6.36,0
332,240,Natick,41,3823,-71.36690909999999,42.27441143333333,22.0,27.0,0.11329000000000002,30.0,4.93,0,0.428,6.897,54.3,6.3361,6,300,16.6,391.25,11.38,0
333,278,Needham,47,4035,-71.22865479999999,42.2767685,29.1,29.1,0.07977999999999999,40.0,6.41,0,0.447,6.482,32.1,4.1403,4,254,17.6,396.9,7.19,0
334,277,Needham,47,4034,-71.2361548,42.2825685,33.1,33.1,0.061270000000000005,40.0,6.41,1,0.447,6.8260000000000005,27.6,4.8628,4,254,17.6,393.45,4.16,0
335,275,Needham,47,4032,-71.23865479999998,42.2724685,32.0,32.0,0.09604,40.0,6.41,0,0.447,6.854,42.8,4.2673,4,254,17.6,396.9,2.98,0
336,276,Needham,47,4033,-71.24765479999998,42.2822685,33.2,33.2,0.10469,40.0,6.41,1,0.447,7.267,49.0,4.7872,4,254,17.6,389.25,6.05,0
337,274,Needham,47,4031,-71.23765479999999,42.2905685,32.4,32.4,0.05644,40.0,6.41,1,0.447,6.757999999999999,32.9,4.0776,4,254,17.6,396.9,3.53,0
338,230,Newton,40,3741,-71.19396584444442,42.34794685555557,24.3,24.3,0.537,0.0,6.2,0,0.504,5.981,68.1,3.6715,8,307,17.4,378.35,11.65,2
339,226,Newton,40,3737,-71.20496584444442,42.350846855555574,37.6,37.6,0.38214000000000004,0.0,6.2,0,0.504,8.04,86.5,3.2157,8,307,17.4,387.38,3.13,0
340,220,Newton,40,3731,-71.20896584444442,42.347646855555574,26.7,26.7,0.35809,0.0,6.2,1,0.507,6.9510000000000005,88.5,2.8617,8,307,17.4,391.7,9.71,2
341,221,Newton,40,3732,-71.20476584444442,42.35254685555557,21.7,21.7,0.40771,0.0,6.2,1,0.507,6.164,91.3,3.048,8,307,17.4,395.24,21.46,2
342,222,Newton,40,3733,-71.19396584444442,42.34024685555557,27.5,27.5,0.62356,0.0,6.2,1,0.507,6.879,77.7,3.2721,8,307,17.4,390.39,9.93,2
343,223,Newton,40,3734,-71.18516584444444,42.33174685555557,30.1,30.1,0.6147,0.0,6.2,0,0.507,6.617999999999999,80.8,3.2721,8,307,17.4,396.9,7.6,2
344,225,Newton,40,3736,-71.20546584444442,42.336746855555575,50.0,50.0,0.52693,0.0,6.2,0,0.504,8.725,83.0,2.8944,8,307,17.4,382.0,4.63,0
345,236,Newton,40,3747,-71.19996584444442,42.32894685555557,25.1,25.1,0.52058,0.0,6.2,1,0.507,6.631,76.5,4.148,8,307,17.4,388.45,9.54,2
346,224,Newton,40,3735,-71.19396584444442,42.31924685555557,44.8,44.8,0.31533,0.0,6.2,0,0.504,8.266,78.3,2.8944,8,307,17.4,385.05,4.14,0
347,229,Newton,40,3740,-71.20296584444442,42.314946855555576,31.5,31.5,0.44178,0.0,6.2,0,0.504,6.5520000000000005,21.4,3.3751,8,307,17.4,380.34,3.76,0
348,231,Newton,40,3742,-71.21396584444442,42.32224685555557,31.7,31.7,0.46296000000000004,0.0,6.2,0,0.504,7.412000000000001,76.9,3.6715,8,307,17.4,376.14,5.25,0
349,232,Newton,40,3743,-71.21246584444442,42.32724685555557,41.7,41.7,0.57529,0.0,6.2,0,0.507,8.337,73.3,3.8384,8,307,17.4,385.91,2.47,0
350,227,Newton,40,3738,-71.22396584444442,42.328846855555575,31.6,31.6,0.41238,0.0,6.2,0,0.504,7.162999999999999,79.9,3.2157,8,307,17.4,372.08,6.36,0
351,233,Newton,40,3744,-71.21796584444442,42.338246855555575,48.3,48.3,0.33147,0.0,6.2,0,0.507,8.247,70.4,3.6519,8,307,17.4,378.95,3.95,0
352,234,Newton,40,3745,-71.21596584444444,42.34844685555557,29.0,29.0,0.44791000000000003,0.0,6.2,1,0.507,6.726,66.5,3.6519,8,307,17.4,360.2,8.05,0
353,235,Newton,40,3746,-71.22196584444444,42.348346855555576,24.0,24.0,0.33045,0.0,6.2,0,0.507,6.086,61.5,3.6519,8,307,17.4,376.75,10.88,2
354,237,Newton,40,3748,-71.23246584444442,42.34524685555557,31.5,31.5,0.51183,0.0,6.2,0,0.507,7.358,71.6,4.148,8,307,17.4,390.07,4.73,0
355,228,Newton,40,3739,-71.23306584444444,42.33724685555557,46.7,46.7,0.29819,0.0,6.2,0,0.504,7.686,17.0,3.3751,8,307,17.4,377.51,3.92,0
356,286,Norfolk,52,4091,-76.28587259999998,36.8507689,20.1,20.1,0.01965,80.0,1.76,0,0.385,6.23,31.5,9.0892,1,241,18.2,341.6,12.93,0
357,66,North Reading,15,3302,-71.0666653,42.5713439,19.4,19.4,0.043789999999999996,80.0,3.37,0,0.39799999999999996,5.787000000000001,31.1,6.6115,4,337,16.1,396.9,10.24,0
358,65,North Reading,15,3301,-71.0906653,42.5788439,23.5,23.5,0.03584,80.0,3.37,0,0.39799999999999996,6.29,17.8,6.6115,4,337,16.1,396.9,4.67,0
359,348,Norwell,69,5041,-70.7927832,42.1615157,24.5,24.5,0.015009999999999999,80.0,2.01,0,0.435,6.635,29.7,8.344,4,280,17.0,390.94,5.99,0
360,294,Norwood,55,4132,-71.1865895,42.19207089999999,21.7,21.7,0.08199,0.0,13.92,0,0.43700000000000006,6.0089999999999995,42.3,5.5027,4,289,16.0,396.9,10.4,2
361,293,Norwood,55,4131,-71.1955895,42.20377089999999,23.9,23.9,0.08265,0.0,13.92,0,0.43700000000000006,6.127000000000001,18.4,5.5027,4,289,16.0,396.9,8.58,0
362,295,Norwood,55,4133,-71.2084895,42.19867089999999,28.6,28.6,0.12932000000000002,0.0,13.92,0,0.43700000000000006,6.678,31.1,5.9604,4,289,16.0,396.9,6.27,0
363,296,Norwood,55,4134,-71.2055895,42.19287089999999,27.1,27.1,0.053720000000000004,0.0,13.92,0,0.43700000000000006,6.5489999999999995,51.0,5.9604,4,289,16.0,392.85,7.39,2
364,297,Norwood,55,4135,-71.1985895,42.18457089999999,20.3,20.3,0.14103,0.0,13.92,0,0.43700000000000006,5.79,58.0,6.32,4,289,16.0,396.9,15.84,2
365,46,Peabody,7,2106,-70.96010534444444,42.54465087777777,20.0,20.0,0.18836,0.0,6.91,0,0.44799999999999995,5.7860000000000005,33.3,5.1004,3,233,17.9,396.9,14.15,0
366,49,Peabody,7,2109,-70.95910534444444,42.53315087777777,19.4,19.4,0.21977,0.0,6.91,0,0.44799999999999995,5.602,62.0,6.0877,3,233,17.9,396.9,16.2,2
367,48,Peabody,7,2108,-70.93360534444443,42.53335087777777,14.4,14.4,0.25387,0.0,6.91,0,0.44799999999999995,5.399,95.3,5.87,3,233,17.9,396.9,30.81,1
368,41,Peabody,7,2101,-70.92360534444444,42.52665087777777,26.6,26.6,0.12744,0.0,6.91,0,0.44799999999999995,6.77,2.9,5.7209,3,233,17.9,385.41,4.84,0
369,42,Peabody,7,2102,-70.92860534444443,42.51715087777777,25.3,25.3,0.1415,0.0,6.91,0,0.44799999999999995,6.169,6.6,5.7209,3,233,17.9,383.37,5.81,0
370,45,Peabody,7,2105,-70.92110534444444,42.51715087777777,19.3,19.3,0.17142000000000002,0.0,6.91,0,0.44799999999999995,5.682,33.8,5.1004,3,233,17.9,396.9,10.21,0
371,44,Peabody,7,2104,-70.91210534444444,42.52215087777777,21.2,21.2,0.12269000000000001,0.0,6.91,0,0.44799999999999995,6.069,40.0,5.7209,3,233,17.9,389.39,9.55,0
372,43,Peabody,7,2103,-70.91110534444444,42.52615087777777,24.7,24.7,0.15936,0.0,6.91,0,0.44799999999999995,6.211,6.5,5.7209,3,233,17.9,394.46,7.44,0
373,47,Peabody,7,2107,-70.90860534444444,42.530450877777774,16.6,16.6,0.22926999999999997,0.0,6.91,0,0.44799999999999995,6.03,85.5,5.6894,3,233,17.9,392.74,18.8,2
374,355,Pembroke,73,5082,-70.80944999999998,42.0824925,20.6,20.6,0.10659,80.0,1.91,0,0.413,5.936,19.5,10.5857,4,334,22.0,376.04,5.57,0
375,354,Pembroke,73,5081,-70.80895,42.0604925,18.2,18.2,0.04301,80.0,1.91,0,0.413,5.662999999999999,21.9,10.5857,4,334,22.0,382.8,8.05,0
376,314,Quincy,59,4177,-71.00928716666667,42.2499772,23.8,23.8,0.3692,0.0,9.9,0,0.544,6.567,87.3,3.6023,4,304,18.4,395.69,9.28,2
377,309,Quincy,59,4172,-71.01558716666666,42.254477200000004,20.3,20.3,0.3494,0.0,9.9,0,0.544,5.972,76.7,3.1025,4,304,18.4,396.24,9.97,2
378,317,Quincy,59,4180,-71.01148716666667,42.27047720000001,19.8,19.8,0.24522,0.0,9.9,0,0.544,5.782,71.7,4.0317,4,304,18.4,396.9,15.94,2
379,308,Quincy,59,4171,-71.00298716666666,42.272477200000004,22.8,22.8,0.49298000000000003,0.0,9.9,0,0.544,6.635,82.5,3.3175,4,304,18.4,396.9,4.54,2
380,310,Quincy,59,4173,-71.01048716666666,42.26147720000001,16.1,16.1,2.63548,0.0,9.9,0,0.544,4.973,37.8,2.5194,4,304,18.4,350.45,12.64,2
381,313,Quincy,59,4176,-71.00298716666666,42.255777200000004,21.6,21.6,0.26938,0.0,9.9,0,0.544,6.266,82.8,3.2628,4,304,18.4,393.39,7.9,2
382,311,Quincy,59,4174,-70.99548716666666,42.247477200000006,22.1,22.1,0.7904100000000001,0.0,9.9,0,0.544,6.122000000000001,52.8,2.6403,4,304,18.4,396.9,5.98,0
383,315,Quincy,59,4178,-70.97498716666666,42.25247720000001,16.2,16.2,0.25356,0.0,9.9,0,0.544,5.705,77.7,3.945,4,304,18.4,396.42,11.5,2
384,312,Quincy,59,4175,-70.98348716666666,42.242977200000006,19.4,19.4,0.26169000000000003,0.0,9.9,0,0.544,6.023,90.4,2.8339999999999996,4,304,18.4,396.3,11.72,2
385,316,Quincy,59,4179,-70.99948716666667,42.236977200000005,17.8,17.8,0.31827,0.0,9.9,0,0.544,5.914,83.2,3.9986,4,304,18.4,390.7,18.33,2
386,318,Quincy,59,4181,-71.00548716666667,42.244477200000006,23.1,23.1,0.40202,0.0,9.9,0,0.544,6.382000000000001,67.2,3.5325,4,304,18.4,395.21,10.36,2
387,319,Quincy,59,4182,-71.01548716666666,42.2454772,21.0,21.0,0.47547,0.0,9.9,0,0.544,6.1129999999999995,58.8,4.0019,4,304,18.4,396.23,12.73,2
388,329,Randolph,61,4202,-71.05581156666666,42.16490213333333,22.6,22.6,0.06724,0.0,3.24,0,0.46,6.332999999999999,17.2,5.2146,4,430,16.9,375.21,7.34,0
389,328,Randolph,61,4201,-71.06981156666666,42.16690213333333,19.3,19.3,0.06617,0.0,3.24,0,0.46,5.867999999999999,25.8,5.2146,4,430,16.9,382.44,9.97,0
390,330,Randolph,61,4203,-71.05331156666666,42.14990213333333,19.8,19.8,0.045439999999999994,0.0,3.24,0,0.46,6.144,32.2,5.8736,4,430,16.9,368.57,9.09,0
391,80,Reading,19,3341,-75.9297497,40.32714830000001,28.0,28.0,0.04113,25.0,4.86,0,0.426,6.727,33.5,5.4007,4,281,19.0,396.9,5.29,0
392,81,Reading,19,3342,-75.93024969999999,40.334148299999995,23.9,23.9,0.04462,25.0,4.86,0,0.426,6.619,70.4,5.4007,4,281,19.0,395.63,7.22,0
393,82,Reading,19,3343,-75.9287497,40.34514830000001,24.8,24.8,0.03659,25.0,4.86,0,0.426,6.3020000000000005,32.2,5.4007,4,281,19.0,396.9,6.72,0
394,83,Reading,19,3344,-75.91874969999999,40.33614830000001,22.9,22.9,0.03551,25.0,4.86,0,0.426,6.167000000000001,46.7,5.4007,4,281,19.0,390.64,7.51,0
395,495,Revere,90,1703,-71.0211573,42.4071927,23.1,23.1,0.17899,0.0,9.69,0,0.585,5.67,28.8,2.7986,6,391,19.2,393.29,17.6,2
396,500,Revere,90,1708,-71.0211573,42.4109927,16.8,16.8,0.22438000000000002,0.0,9.69,0,0.585,6.027,79.7,2.4982,6,391,19.2,396.9,14.33,2
397,499,Revere,90,1707,-71.01915729999997,42.4156927,17.5,17.5,0.17783,0.0,9.69,0,0.585,5.569,73.5,2.3999,6,391,19.2,395.77,15.1,2
398,498,Revere,90,1706,-71.0096573,42.4134927,21.2,21.2,0.23911999999999997,0.0,9.69,0,0.585,6.019,65.3,2.4091,6,391,19.2,396.9,12.92,2
399,496,Revere,90,1704,-71.00335729999998,42.4105927,19.7,19.7,0.2896,0.0,9.69,0,0.585,5.39,72.9,2.7986,6,391,19.2,396.9,21.14,2
400,493,Revere,90,1701,-71.01365729999998,42.4064927,21.8,21.8,0.17331,0.0,9.69,0,0.585,5.707000000000001,54.0,2.3817,6,391,19.2,396.9,12.01,2
401,494,Revere,90,1702,-71.0071573,42.4039927,24.5,24.5,0.27957,0.0,9.69,0,0.585,5.926,42.6,2.3817,6,391,19.2,396.9,13.59,2
402,497,Revere,90,1705,-71.0006573,42.3989927,18.3,18.3,0.26838,0.0,9.69,0,0.585,5.794,70.6,2.8927,6,391,19.2,396.9,14.1,2
403,346,Rockland,67,5022,-69.10737929999999,44.0986914,17.2,17.2,0.06162,0.0,4.39,0,0.442,5.898,52.3,8.0136,3,352,18.8,364.61,12.67,0
404,345,Rockland,67,5021,-69.1104793,44.10869140000001,17.5,17.5,0.03113,0.0,4.39,0,0.442,6.013999999999999,48.5,8.0136,3,352,18.8,385.64,10.53,0
405,10,Salem,3,2045,-70.89478692857143,42.50596857142856,15.0,15.0,0.22489,12.5,7.87,0,0.524,6.377000000000001,94.3,6.3467,5,311,15.2,392.52,20.45,1
406,9,Salem,3,2044,-70.89628692857143,42.51896857142857,18.9,18.9,0.17004,12.5,7.87,0,0.524,6.004,85.9,6.5921,5,311,15.2,386.71,17.1,2
407,6,Salem,3,2041,-70.89178692857143,42.52096857142856,22.9,22.9,0.08829,12.5,7.87,0,0.524,6.0120000000000005,66.6,5.5605,5,311,15.2,395.6,12.43,2
408,12,Salem,3,2047,-70.88778692857143,42.52496857142857,21.7,21.7,0.09378,12.5,7.87,0,0.524,5.888999999999999,39.0,5.4509,5,311,15.2,390.5,15.71,2
409,7,Salem,3,2042,-70.89378692857143,42.52496857142857,27.1,22.1,0.14455,12.5,7.87,0,0.524,6.172000000000001,96.1,5.9505,5,311,15.2,396.9,19.15,2
410,11,Salem,3,2046,-70.90278692857143,42.525968571428564,18.9,18.9,0.11747,12.5,7.87,0,0.524,6.0089999999999995,82.9,6.2267,5,311,15.2,396.9,13.27,2
411,8,Salem,3,2043,-70.90978692857142,42.51496857142856,16.5,16.5,0.21124,12.5,7.87,0,0.524,5.631,100.0,6.0821,5,311,15.2,386.63,29.93,1
412,37,Sargus,5,2083,-82.997219,39.95424890000001,21.0,21.0,0.08014,0.0,5.96,0,0.499,5.85,41.5,3.9342,5,279,19.2,396.9,8.77,0
413,36,Sargus,5,2082,-83.005219,39.95874890000001,20.0,20.0,0.09744,0.0,5.96,0,0.499,5.841,61.4,3.3779,5,279,19.2,377.56,11.41,2
414,38,Sargus,5,2084,-83.00121899999999,39.9707489,24.7,24.2,0.17505,0.0,5.96,0,0.499,5.966,30.2,3.8473,5,279,19.2,393.43,10.13,0
415,35,Sargus,5,2081,-83.017219,39.97174890000001,18.9,18.9,0.06417,0.0,5.96,0,0.499,5.933,68.2,3.3603,5,279,19.2,396.9,9.68,2
416,349,Scituate,70,5051,-70.73686330000002,42.203429,26.6,26.6,0.02899,40.0,1.25,0,0.429,6.939,34.5,8.7921,1,335,19.7,389.85,5.89,0
417,350,Scituate,70,5052,-70.71486329999999,42.188429,22.9,22.9,0.062110000000000005,40.0,1.25,0,0.429,6.49,44.4,8.7921,1,335,19.7,396.9,5.98,0
418,300,Sharon,56,4143,-71.19079036666669,42.12781656666667,24.8,24.8,0.04417,70.0,2.24,0,0.4,6.871,47.4,7.8278,5,358,14.8,390.86,6.07,0
419,299,Sharon,56,4142,-71.17079036666667,42.114316566666666,29.0,29.0,0.05561,70.0,2.24,0,0.4,7.041,10.0,7.8278,5,358,14.8,371.58,4.74,0
420,298,Sharon,56,4141,-71.17429036666667,42.12881656666667,22.5,22.5,0.06466000000000001,70.0,2.24,0,0.4,6.345,20.1,7.8278,5,358,14.8,368.24,4.97,0
421,256,Sherborn,44,3861,-71.3697813,42.23898570000001,44.0,44.0,0.015380000000000001,90.0,3.75,0,0.39399999999999996,7.454,34.2,6.3361,3,244,15.9,386.34,3.11,0
422,137,Somerville,27,3511,-71.08722346666667,42.387783466666654,17.1,17.1,0.35233000000000003,0.0,21.89,0,0.624,6.454,98.4,1.8498,4,437,21.2,394.08,14.59,1
423,141,Somerville,27,3515,-71.0922234666667,42.38728346666665,14.4,14.4,1.6286399999999999,0.0,21.89,0,0.624,5.019,100.0,1.4394,4,437,21.2,396.9,34.41,1
424,140,Somerville,27,3514,-71.09802346666667,42.389083466666655,14.0,14.0,0.2909,0.0,21.89,0,0.624,6.1739999999999995,93.6,1.6119,4,437,21.2,388.08,24.16,1
425,138,Somerville,27,3512,-71.10342346666667,42.39128346666666,13.3,13.3,0.2498,0.0,21.89,0,0.624,5.857,98.2,1.6686,4,437,21.2,392.04,21.32,1
426,139,Somerville,27,3513,-71.10922346666669,42.392283466666655,17.8,17.8,0.54452,0.0,21.89,0,0.624,6.151,97.9,1.6687,4,437,21.2,396.9,18.46,1
427,136,Somerville,27,3510,-71.10872346666667,42.39278346666666,17.4,17.4,0.32264,0.0,21.89,0,0.624,5.942,93.5,1.9669,4,437,21.2,378.25,16.9,1
428,131,Somerville,27,3505,-71.11322346666667,42.39728346666666,19.6,19.6,1.19294,0.0,21.89,0,0.624,6.3260000000000005,97.7,2.271,4,437,21.2,396.9,12.26,1
429,135,Somerville,27,3509,-71.11022346666667,42.39278346666666,18.1,18.1,0.55778,0.0,21.89,0,0.624,6.335,98.2,2.1107,4,437,21.2,394.67,16.96,1
430,127,Somerville,27,3501,-71.10922346666669,42.388483466666656,16.2,16.2,0.25915,0.0,21.89,0,0.624,5.693,96.0,1.7883,4,437,21.2,392.11,17.19,1
431,128,Somerville,27,3502,-71.10192346666669,42.38578346666666,18.0,18.0,0.32543,0.0,21.89,0,0.624,6.431,98.8,1.8125,4,437,21.2,396.9,15.39,1
432,130,Somerville,27,3504,-71.09722346666669,42.384783466666654,19.2,19.2,0.34006,0.0,21.89,0,0.624,6.457999999999999,98.9,2.1185,4,437,21.2,395.04,12.6,1
433,129,Somerville,27,3503,-71.09622346666667,42.37978346666666,14.3,14.3,0.88125,0.0,21.89,0,0.624,5.6370000000000005,94.7,1.9799,4,437,21.2,396.9,18.34,1
434,132,Somerville,27,3506,-71.09102346666667,42.38228346666666,23.0,23.0,0.59005,0.0,21.89,0,0.624,6.372000000000001,97.9,2.3274,4,437,21.2,385.76,11.12,2
435,133,Somerville,27,3507,-71.08602346666667,42.383483466666654,18.4,18.4,0.32982,0.0,21.89,0,0.624,5.822,95.4,2.4699,4,437,21.2,388.69,15.03,1
436,134,Somerville,27,3508,-71.08852346666667,42.378783466666654,15.6,15.6,0.9761700000000001,0.0,21.89,0,0.624,5.757000000000001,98.4,2.346,4,437,21.2,262.76,17.31,1
437,92,Stoneham,22,3371,-71.09413856666666,42.47558023333333,22.9,22.9,0.04203,28.0,15.04,0,0.46399999999999997,6.442,53.6,3.6659,4,270,18.2,395.01,8.16,2
438,93,Stoneham,22,3372,-71.10313856666666,42.48858023333333,25.0,25.0,0.02875,28.0,15.04,0,0.46399999999999997,6.211,28.9,3.6659,4,270,18.2,396.33,6.21,0
439,94,Stoneham,22,3373,-71.10263856666666,42.47658023333333,20.6,20.6,0.04294,28.0,15.04,0,0.46399999999999997,6.249,77.3,3.615,4,270,18.2,396.9,10.59,2
440,199,Sudbury,35,3651,-71.4066725,42.3934278,34.9,34.9,0.0315,95.0,1.47,0,0.40299999999999997,6.975,15.3,7.6534,3,402,17.0,396.9,4.56,0
441,200,Sudbury,35,3652,-71.4256725,42.3734278,32.9,32.9,0.01778,95.0,1.47,0,0.40299999999999997,7.135,13.9,7.6534,3,402,17.0,384.3,4.45,0
442,1,Swampscott,1,2021,-70.92455619999998,42.4731937,21.6,21.6,0.02731,0.0,7.07,0,0.469,6.421,78.9,4.9671,2,242,17.8,396.9,9.14,2
443,2,Swampscott,1,2022,-70.91055619999999,42.4686937,34.7,34.7,0.02729,0.0,7.07,0,0.469,7.185,61.1,4.9671,2,242,17.8,392.83,4.03,0
444,55,Topsfield,10,2141,-70.9495053,42.6375941,35.4,35.4,0.01311,90.0,1.22,0,0.40299999999999997,7.249,21.9,8.6966,5,226,17.9,395.93,4.81,0
445,87,Wakefield,20,3354,-71.0740891,42.5111895,22.2,22.2,0.07151,0.0,4.49,0,0.449,6.121,56.8,3.7476,3,247,18.5,395.15,8.44,0
446,84,Wakefield,20,3351,-71.08108909999999,42.5036895,23.9,23.9,0.050589999999999996,0.0,4.49,0,0.449,6.388999999999999,48.0,4.7794,3,247,18.5,396.9,9.62,0
447,85,Wakefield,20,3352,-71.06408909999998,42.5086895,26.6,26.6,0.05735,0.0,4.49,0,0.449,6.63,56.1,4.4377,3,247,18.5,392.3,6.53,0
448,86,Wakefield,20,3353,-71.07008909999998,42.4921895,22.5,22.5,0.051879999999999996,0.0,4.49,0,0.449,6.015,45.1,4.4272,3,247,18.5,395.99,12.86,0
449,288,Walpole,53,4112,-71.25234293333331,42.12941086666665,22.3,22.3,0.0459,52.5,5.32,0,0.405,6.315,45.6,7.3172,6,293,16.6,396.9,7.6,0
450,287,Walpole,53,4111,-71.2368429333333,42.145910866666654,23.2,23.2,0.03871,52.5,5.32,0,0.405,6.209,31.3,7.3172,6,293,16.6,396.9,7.14,0
451,289,Walpole,53,4113,-71.25934293333333,42.14991086666666,24.8,24.8,0.04297,52.5,5.32,0,0.405,6.565,22.9,7.3172,6,293,16.6,371.72,9.51,0
452,205,Waltham,38,3681,-71.24276584545453,42.39295792727272,22.6,22.6,0.13642,0.0,10.59,0,0.489,5.891,22.3,3.9454,4,277,18.6,396.9,10.87,0
453,206,Waltham,38,3682,-71.24526584545455,42.37925792727272,24.4,24.4,0.22969,0.0,10.59,0,0.489,6.3260000000000005,52.5,4.3549,4,277,18.6,394.87,10.97,2
454,207,Waltham,38,3683,-71.24426584545455,42.37525792727271,22.5,22.5,0.25199,0.0,10.59,0,0.489,5.7829999999999995,72.7,4.3549,4,277,18.6,389.43,18.06,2
455,210,Waltham,38,3686,-71.24556584545455,42.37045792727272,21.7,21.7,0.17446,0.0,10.59,1,0.489,5.96,92.1,3.8771,4,277,18.6,393.25,17.27,2
456,211,Waltham,38,3687,-71.23826584545453,42.37015792727272,19.3,19.3,0.37578,0.0,10.59,1,0.489,5.404,88.6,3.665,4,277,18.6,395.24,23.98,1
457,208,Waltham,38,3684,-71.23876584545455,42.366157927272724,24.4,24.4,0.13587,0.0,10.59,1,0.489,6.064,59.1,4.2392,4,277,18.6,381.32,14.66,2
458,213,Waltham,38,3689,-71.23326584545455,42.37005792727272,28.1,28.1,0.14052,0.0,10.59,0,0.489,6.375,32.3,3.9454,4,277,18.6,385.81,9.38,0
459,215,Waltham,38,3691,-71.22876584545453,42.37345792727272,25.0,25.0,0.19802,0.0,10.59,0,0.489,6.182,42.4,3.9454,4,277,18.6,393.63,9.47,0
460,214,Waltham,38,3690,-71.23276584545455,42.38395792727272,23.7,23.7,0.28955,0.0,10.59,0,0.489,5.412000000000001,9.8,3.5875,4,277,18.6,348.93,29.55,2
461,209,Waltham,38,3685,-71.22226584545453,42.38345792727272,20.0,20.0,0.43571000000000004,0.0,10.59,1,0.489,5.343999999999999,100.0,3.875,4,277,18.6,396.9,23.09,1
462,212,Waltham,38,3688,-71.21976584545453,42.37615792727272,22.4,22.4,0.21719000000000002,0.0,10.59,1,0.489,5.807,53.8,3.6526,4,277,18.6,390.94,16.03,2
463,219,Watertown,39,3704,-75.92213149999998,43.9760338,23.0,23.0,0.11425,0.0,13.89,1,0.55,6.372999999999999,92.4,3.3633,5,276,16.4,393.74,10.5,2
464,218,Watertown,39,3703,-75.91053149999998,43.9765338,21.5,21.5,0.11069000000000001,0.0,13.89,1,0.55,5.9510000000000005,93.8,2.8893,5,276,16.4,396.9,17.92,2
465,217,Watertown,39,3702,-75.89883149999999,43.9750338,28.7,28.7,0.07013,0.0,13.89,0,0.55,6.642,85.1,3.4211,5,276,16.4,392.78,9.69,2
466,216,Watertown,39,3701,-75.91153149999998,43.9715338,23.3,23.3,0.0456,0.0,13.89,1,0.55,5.888,56.0,3.1121,5,276,16.4,392.8,13.51,2
467,201,Wayland,36,3661,-71.3636984,42.35134530000001,24.1,24.1,0.03445,82.5,2.03,0,0.415,6.162000000000001,38.4,6.27,2,348,14.7,393.77,7.43,0
468,202,Wayland,36,3662,-71.35919840000001,42.373845300000006,42.3,42.3,0.021769999999999998,82.5,2.03,0,0.415,7.61,15.7,6.27,2,348,14.7,395.38,3.11,0
469,281,Wellesley,48,4043,-71.2712627,42.301472,35.4,35.4,0.03705,20.0,3.33,0,0.4429,6.968,37.2,5.2447,5,216,14.9,392.23,4.59,0
470,280,Wellesley,48,4042,-71.2892627,42.300472,45.4,45.4,0.03578,20.0,3.33,0,0.4429,7.82,64.5,4.6947,5,216,14.9,387.31,3.76,0
471,279,Wellesley,48,4041,-71.3082627,42.298272,35.1,35.1,0.21038,20.0,3.33,0,0.4429,6.812,32.2,4.1007,5,216,14.9,396.9,4.85,0
472,282,Wellesley,48,4044,-71.30076269999998,42.286972,46.0,46.0,0.06129,20.0,3.33,1,0.4429,7.645,49.7,5.2119,5,216,14.9,377.07,3.01,0
473,57,Wenham,12,2161,-70.89116120000001,42.604261,31.6,31.6,0.01432,100.0,1.32,0,0.41100000000000003,6.816,40.5,8.3248,5,256,15.1,392.9,3.95,0
474,204,Weston,37,3672,-80.3997748,26.113465399999995,50.0,50.0,0.02009,95.0,2.68,0,0.4161,8.033999999999999,31.9,5.118,4,224,14.7,390.55,2.88,0
475,203,Weston,37,3671,-80.3997748,26.0872654,48.5,48.5,0.0351,95.0,2.68,0,0.4161,7.853,33.2,5.118,4,224,14.7,392.78,3.81,0
476,292,Westwood,54,4123,-118.45784973333332,34.05533493333334,27.9,27.9,0.03615,80.0,4.95,0,0.41100000000000003,6.63,23.4,5.1167,4,245,19.2,396.9,4.7,0
477,290,Westwood,54,4121,-118.45234973333334,34.07263493333334,28.5,28.5,0.035019999999999996,80.0,4.95,0,0.41100000000000003,6.861000000000001,27.9,5.1167,4,245,19.2,396.9,3.33,0
478,291,Westwood,54,4122,-118.42634973333334,34.06253493333334,37.3,37.3,0.07886,80.0,4.95,0,0.41100000000000003,7.148,27.7,5.1167,4,245,19.2,396.9,3.56,0
479,337,Weymouth,63,4225,-70.9522231,42.192297399999994,18.5,18.5,0.030410000000000003,0.0,5.19,0,0.515,5.895,59.6,5.615,5,224,20.2,394.81,10.56,2
480,339,Weymouth,63,4227,-70.93772309999999,42.193797399999994,19.0,19.0,0.054970000000000005,0.0,5.19,0,0.515,5.985,45.4,4.8122,5,224,20.2,396.9,9.74,0
481,335,Weymouth,63,4223,-70.9427231,42.20779739999999,21.1,21.1,0.03961,0.0,5.19,0,0.515,6.037000000000001,34.5,5.9853,5,224,20.2,396.9,8.01,0
482,340,Weymouth,63,4228,-70.9487231,42.22079739999999,18.7,18.7,0.06151,0.0,5.19,0,0.515,5.968,58.5,4.8122,5,224,20.2,396.9,9.29,0
483,336,Weymouth,63,4224,-70.9329231,42.21979739999999,19.5,19.5,0.03427,0.0,5.19,0,0.515,5.869,46.3,5.2311,5,224,20.2,396.9,9.8,0
484,338,Weymouth,63,4226,-70.93602309999999,42.23019739999999,20.6,20.6,0.03306,0.0,5.19,0,0.515,6.059,37.3,4.8122,5,224,20.2,396.14,8.51,0
485,334,Weymouth,63,4222,-70.9402231,42.23679739999999,20.7,20.7,0.037380000000000004,0.0,5.19,0,0.515,6.31,38.5,6.4584,5,224,20.2,389.4,6.75,0
486,333,Weymouth,63,4221,-70.93772309999999,42.24309739999999,22.2,22.2,0.05083,0.0,5.19,0,0.515,6.316,38.1,6.4584,5,224,20.2,389.71,5.68,0
487,69,Wilmington,16,3313,-75.53539090000001,39.74645500000001,20.9,20.9,0.12816,12.5,6.07,0,0.409,5.885,33.0,6.497999999999999,4,345,18.9,396.9,8.79,0
488,68,Wilmington,16,3312,-75.55339090000001,39.75025500000001,17.4,17.4,0.13554000000000002,12.5,6.07,0,0.409,5.593999999999999,36.8,6.497999999999999,4,345,18.9,396.9,13.09,0
489,67,Wilmington,16,3311,-75.55639090000001,39.73725500000001,22.0,22.0,0.05789,12.5,6.07,0,0.409,5.877999999999999,21.4,6.497999999999999,4,345,18.9,396.21,8.1,0
490,97,Winchester,23,3383,-78.1536941,39.1905597,38.7,38.7,0.12082999999999999,0.0,2.89,0,0.445,8.068999999999999,76.0,3.4952,2,276,18.0,396.9,4.21,0
491,98,Winchester,23,3384,-78.1626941,39.1905597,43.8,43.8,0.08187,0.0,2.89,0,0.445,7.82,36.9,3.4952,2,276,18.0,393.53,3.57,0
492,96,Winchester,23,3382,-78.1666941,39.1845597,21.4,21.4,0.11504,0.0,2.89,0,0.445,6.162999999999999,69.6,3.4952,2,276,18.0,391.83,11.34,0
493,95,Winchester,23,3381,-78.17589410000002,39.1815597,28.4,28.4,0.12204000000000001,0.0,2.89,0,0.445,6.625,57.8,3.4952,2,276,18.0,357.98,6.65,0
494,99,Winchester,23,3385,-78.1576941,39.1810597,33.2,33.2,0.0686,0.0,2.89,0,0.445,7.416,62.5,3.4952,2,276,18.0,396.9,6.19,0
495,501,Winthrop,91,1801,-120.1838356,48.483183200000006,22.4,22.4,0.06262999999999999,0.0,11.93,0,0.573,6.593,69.1,2.4786,1,273,21.0,391.99,9.67,2
496,502,Winthrop,91,1802,-120.18883559999999,48.4794832,20.6,20.6,0.04527,0.0,11.93,0,0.573,6.12,76.7,2.2875,1,273,21.0,396.9,9.08,2
497,503,Winthrop,91,1803,-120.19263559999999,48.4779832,23.9,23.9,0.06076,0.0,11.93,0,0.573,6.976,91.0,2.1675,1,273,21.0,396.9,5.64,2
498,504,Winthrop,91,1804,-120.18533559999999,48.47598320000001,22.0,22.0,0.10959,0.0,11.93,0,0.573,6.794,89.3,2.3889,1,273,21.0,393.45,6.48,2
499,505,Winthrop,91,1805,-120.18033559999999,48.47298320000001,11.9,19.0,0.04741,0.0,11.93,0,0.573,6.03,80.8,2.505,1,273,21.0,396.9,7.88,2
500,77,Woburn,18,3334,-71.1697765,42.47667846666667,20.8,20.8,0.08707000000000001,0.0,12.83,0,0.43700000000000006,6.14,45.8,4.0905,5,398,18.7,386.96,10.27,2
501,76,Woburn,18,3333,-71.15927649999998,42.47517846666667,20.0,20.0,0.10153,0.0,12.83,0,0.43700000000000006,6.279,74.5,4.0522,5,398,18.7,373.66,11.97,2
502,78,Woburn,18,3335,-71.1492765,42.471178466666665,21.2,21.2,0.05646,0.0,12.83,0,0.43700000000000006,6.232,53.7,5.0141,5,398,18.7,386.4,12.34,2
503,74,Woburn,18,3331,-71.13527649999997,42.477178466666665,24.1,24.1,0.07896,0.0,12.83,0,0.43700000000000006,6.273,6.0,4.2515,5,398,18.7,394.92,6.78,0
504,75,Woburn,18,3332,-71.1497765,42.48267846666667,21.4,21.4,0.09512000000000001,0.0,12.83,0,0.43700000000000006,6.2860000000000005,45.0,4.5026,5,398,18.7,383.23,8.94,2
505,79,Woburn,18,3336,-71.15027649999998,42.49267846666667,20.3,20.3,0.08387,0.0,12.83,0,0.43700000000000006,5.874,36.6,4.5026,5,398,18.7,396.06,9.1,2
